"","ID","Description","GeneRatio","BgRatio","pvalue","p.adjust","qvalue","geneID","Count","DATABASE"
"R-HSA-156842","R-HSA-156842","Eukaryotic Translation Elongation","62/966","97/10281",4.15328545075264e-40,4.58938042308167e-37,4.35439190415751e-37,"EEF1A1/EEF1A2/EEF1G/EEF2/RPL10/RPL10A/RPL11/RPL12/RPL13/RPL13A/RPL14/RPL15/RPL17/RPL18/RPL18A/RPL19/RPL22/RPL23/RPL23A/RPL24/RPL26/RPL27/RPL27A/RPL29/RPL3/RPL31/RPL32/RPL34/RPL35/RPL35A/RPL36/RPL36A/RPL37/RPL37A/RPL3L/RPL41/RPL5/RPL6/RPL7/RPL7A/RPL8/RPL9/RPLP2/RPS10/RPS11/RPS13/RPS14/RPS15/RPS15A/RPS18/RPS19/RPS2/RPS20/RPS24/RPS25/RPS27A/RPS28/RPS3/RPS3A/RPS6/RPS7/RPS8",62,"REACTOME"
"R-HSA-156902","R-HSA-156902","Peptide chain elongation","60/966","93/10281",3.42176355011787e-39,1.89052436144012e-36,1.79372447153547e-36,"EEF1A1/EEF2/RPL10/RPL10A/RPL11/RPL12/RPL13/RPL13A/RPL14/RPL15/RPL17/RPL18/RPL18A/RPL19/RPL22/RPL23/RPL23A/RPL24/RPL26/RPL27/RPL27A/RPL29/RPL3/RPL31/RPL32/RPL34/RPL35/RPL35A/RPL36/RPL36A/RPL37/RPL37A/RPL3L/RPL41/RPL5/RPL6/RPL7/RPL7A/RPL8/RPL9/RPLP2/RPS10/RPS11/RPS13/RPS14/RPS15/RPS15A/RPS18/RPS19/RPS2/RPS20/RPS24/RPS25/RPS27A/RPS28/RPS3/RPS3A/RPS6/RPS7/RPS8",60,"REACTOME"
"R-HSA-192823","R-HSA-192823","Viral mRNA Translation","58/966","93/10281",1.07064631941209e-36,3.94354727650121e-34,3.74162713731385e-34,"RPL10/RPL10A/RPL11/RPL12/RPL13/RPL13A/RPL14/RPL15/RPL17/RPL18/RPL18A/RPL19/RPL22/RPL23/RPL23A/RPL24/RPL26/RPL27/RPL27A/RPL29/RPL3/RPL31/RPL32/RPL34/RPL35/RPL35A/RPL36/RPL36A/RPL37/RPL37A/RPL3L/RPL41/RPL5/RPL6/RPL7/RPL7A/RPL8/RPL9/RPLP2/RPS10/RPS11/RPS13/RPS14/RPS15/RPS15A/RPS18/RPS19/RPS2/RPS20/RPS24/RPS25/RPS27A/RPS28/RPS3/RPS3A/RPS6/RPS7/RPS8",58,"REACTOME"
"R-HSA-2408557","R-HSA-2408557","Selenocysteine synthesis","58/966","96/10281",1.37766783274961e-35,3.80580738797079e-33,3.61093989847003e-33,"RPL10/RPL10A/RPL11/RPL12/RPL13/RPL13A/RPL14/RPL15/RPL17/RPL18/RPL18A/RPL19/RPL22/RPL23/RPL23A/RPL24/RPL26/RPL27/RPL27A/RPL29/RPL3/RPL31/RPL32/RPL34/RPL35/RPL35A/RPL36/RPL36A/RPL37/RPL37A/RPL3L/RPL41/RPL5/RPL6/RPL7/RPL7A/RPL8/RPL9/RPLP2/RPS10/RPS11/RPS13/RPS14/RPS15/RPS15A/RPS18/RPS19/RPS2/RPS20/RPS24/RPS25/RPS27A/RPS28/RPS3/RPS3A/RPS6/RPS7/RPS8",58,"REACTOME"
"R-HSA-975956","R-HSA-975956","Nonsense Mediated Decay (NMD) independent of the Exon Junction Complex (EJC)","59/966","100/10281",2.32461431806952e-35,4.67935613137684e-33,4.43976061619561e-33,"PABPC1/RPL10/RPL10A/RPL11/RPL12/RPL13/RPL13A/RPL14/RPL15/RPL17/RPL18/RPL18A/RPL19/RPL22/RPL23/RPL23A/RPL24/RPL26/RPL27/RPL27A/RPL29/RPL3/RPL31/RPL32/RPL34/RPL35/RPL35A/RPL36/RPL36A/RPL37/RPL37A/RPL3L/RPL41/RPL5/RPL6/RPL7/RPL7A/RPL8/RPL9/RPLP2/RPS10/RPS11/RPS13/RPS14/RPS15/RPS15A/RPS18/RPS19/RPS2/RPS20/RPS24/RPS25/RPS27A/RPS28/RPS3/RPS3A/RPS6/RPS7/RPS8",59,"REACTOME"
"R-HSA-72689","R-HSA-72689","Formation of a pool of free 40S subunits","61/966","107/10281",2.54082685866616e-35,4.67935613137684e-33,4.43976061619561e-33,"EIF3E/EIF3H/EIF3L/RPL10/RPL10A/RPL11/RPL12/RPL13/RPL13A/RPL14/RPL15/RPL17/RPL18/RPL18A/RPL19/RPL22/RPL23/RPL23A/RPL24/RPL26/RPL27/RPL27A/RPL29/RPL3/RPL31/RPL32/RPL34/RPL35/RPL35A/RPL36/RPL36A/RPL37/RPL37A/RPL3L/RPL41/RPL5/RPL6/RPL7/RPL7A/RPL8/RPL9/RPLP2/RPS10/RPS11/RPS13/RPS14/RPS15/RPS15A/RPS18/RPS19/RPS2/RPS20/RPS24/RPS25/RPS27A/RPS28/RPS3/RPS3A/RPS6/RPS7/RPS8",61,"REACTOME"
"R-HSA-72764","R-HSA-72764","Eukaryotic Translation Termination","58/966","97/10281",3.12656478519054e-35,4.93550583947936e-33,4.68279477601471e-33,"RPL10/RPL10A/RPL11/RPL12/RPL13/RPL13A/RPL14/RPL15/RPL17/RPL18/RPL18A/RPL19/RPL22/RPL23/RPL23A/RPL24/RPL26/RPL27/RPL27A/RPL29/RPL3/RPL31/RPL32/RPL34/RPL35/RPL35A/RPL36/RPL36A/RPL37/RPL37A/RPL3L/RPL41/RPL5/RPL6/RPL7/RPL7A/RPL8/RPL9/RPLP2/RPS10/RPS11/RPS13/RPS14/RPS15/RPS15A/RPS18/RPS19/RPS2/RPS20/RPS24/RPS25/RPS27A/RPS28/RPS3/RPS3A/RPS6/RPS7/RPS8",58,"REACTOME"
"R-HSA-156827","R-HSA-156827","L13a-mediated translational silencing of Ceruloplasmin expression","63/966","119/10281",7.23583110249652e-34,9.99449171032332e-32,9.48274707642965e-32,"EIF3E/EIF3H/EIF3L/EIF4A2/PABPC1/RPL10/RPL10A/RPL11/RPL12/RPL13/RPL13A/RPL14/RPL15/RPL17/RPL18/RPL18A/RPL19/RPL22/RPL23/RPL23A/RPL24/RPL26/RPL27/RPL27A/RPL29/RPL3/RPL31/RPL32/RPL34/RPL35/RPL35A/RPL36/RPL36A/RPL37/RPL37A/RPL3L/RPL41/RPL5/RPL6/RPL7/RPL7A/RPL8/RPL9/RPLP2/RPS10/RPS11/RPS13/RPS14/RPS15/RPS15A/RPS18/RPS19/RPS2/RPS20/RPS24/RPS25/RPS27A/RPS28/RPS3/RPS3A/RPS6/RPS7/RPS8",63,"REACTOME"
"R-HSA-72706","R-HSA-72706","GTP hydrolysis and joining of the 60S ribosomal subunit","62/966","119/10281",8.21809853176826e-33,1.00899987528932e-30,9.5733639036739e-31,"EIF3E/EIF3H/EIF3L/EIF4A2/RPL10/RPL10A/RPL11/RPL12/RPL13/RPL13A/RPL14/RPL15/RPL17/RPL18/RPL18A/RPL19/RPL22/RPL23/RPL23A/RPL24/RPL26/RPL27/RPL27A/RPL29/RPL3/RPL31/RPL32/RPL34/RPL35/RPL35A/RPL36/RPL36A/RPL37/RPL37A/RPL3L/RPL41/RPL5/RPL6/RPL7/RPL7A/RPL8/RPL9/RPLP2/RPS10/RPS11/RPS13/RPS14/RPS15/RPS15A/RPS18/RPS19/RPS2/RPS20/RPS24/RPS25/RPS27A/RPS28/RPS3/RPS3A/RPS6/RPS7/RPS8",62,"REACTOME"
"R-HSA-72613","R-HSA-72613","Eukaryotic Translation Initiation","63/966","127/10281",1.05456800511757e-31,1.05936149604992e-29,1.00511936181541e-29,"EIF3E/EIF3H/EIF3L/EIF4A2/PABPC1/RPL10/RPL10A/RPL11/RPL12/RPL13/RPL13A/RPL14/RPL15/RPL17/RPL18/RPL18A/RPL19/RPL22/RPL23/RPL23A/RPL24/RPL26/RPL27/RPL27A/RPL29/RPL3/RPL31/RPL32/RPL34/RPL35/RPL35A/RPL36/RPL36A/RPL37/RPL37A/RPL3L/RPL41/RPL5/RPL6/RPL7/RPL7A/RPL8/RPL9/RPLP2/RPS10/RPS11/RPS13/RPS14/RPS15/RPS15A/RPS18/RPS19/RPS2/RPS20/RPS24/RPS25/RPS27A/RPS28/RPS3/RPS3A/RPS6/RPS7/RPS8",63,"REACTOME"
"R-HSA-72737","R-HSA-72737","Cap-dependent Translation Initiation","63/966","127/10281",1.05456800511757e-31,1.05936149604992e-29,1.00511936181541e-29,"EIF3E/EIF3H/EIF3L/EIF4A2/PABPC1/RPL10/RPL10A/RPL11/RPL12/RPL13/RPL13A/RPL14/RPL15/RPL17/RPL18/RPL18A/RPL19/RPL22/RPL23/RPL23A/RPL24/RPL26/RPL27/RPL27A/RPL29/RPL3/RPL31/RPL32/RPL34/RPL35/RPL35A/RPL36/RPL36A/RPL37/RPL37A/RPL3L/RPL41/RPL5/RPL6/RPL7/RPL7A/RPL8/RPL9/RPLP2/RPS10/RPS11/RPS13/RPS14/RPS15/RPS15A/RPS18/RPS19/RPS2/RPS20/RPS24/RPS25/RPS27A/RPS28/RPS3/RPS3A/RPS6/RPS7/RPS8",63,"REACTOME"
"R-HSA-2408522","R-HSA-2408522","Selenoamino acid metabolism","61/966","123/10281",1.01753833459553e-30,9.3698321644005e-29,8.89007176541357e-29,"CBS/CBSL/CTH/RPL10/RPL10A/RPL11/RPL12/RPL13/RPL13A/RPL14/RPL15/RPL17/RPL18/RPL18A/RPL19/RPL22/RPL23/RPL23A/RPL24/RPL26/RPL27/RPL27A/RPL29/RPL3/RPL31/RPL32/RPL34/RPL35/RPL35A/RPL36/RPL36A/RPL37/RPL37A/RPL3L/RPL41/RPL5/RPL6/RPL7/RPL7A/RPL8/RPL9/RPLP2/RPS10/RPS11/RPS13/RPS14/RPS15/RPS15A/RPS18/RPS19/RPS2/RPS20/RPS24/RPS25/RPS27A/RPS28/RPS3/RPS3A/RPS6/RPS7/RPS8",61,"REACTOME"
"R-HSA-1799339","R-HSA-1799339","SRP-dependent cotranslational protein targeting to membrane","58/966","116/10281",1.67697939731069e-29,1.42543248771409e-27,1.35244654228457e-27,"RPL10/RPL10A/RPL11/RPL12/RPL13/RPL13A/RPL14/RPL15/RPL17/RPL18/RPL18A/RPL19/RPL22/RPL23/RPL23A/RPL24/RPL26/RPL27/RPL27A/RPL29/RPL3/RPL31/RPL32/RPL34/RPL35/RPL35A/RPL36/RPL36A/RPL37/RPL37A/RPL3L/RPL41/RPL5/RPL6/RPL7/RPL7A/RPL8/RPL9/RPLP2/RPS10/RPS11/RPS13/RPS14/RPS15/RPS15A/RPS18/RPS19/RPS2/RPS20/RPS24/RPS25/RPS27A/RPS28/RPS3/RPS3A/RPS6/RPS7/RPS8",58,"REACTOME"
"R-HSA-927802","R-HSA-927802","Nonsense-Mediated Decay (NMD)","59/966","121/10281",3.12924796271312e-29,2.30521266586533e-27,2.18717962867528e-27,"PABPC1/RPL10/RPL10A/RPL11/RPL12/RPL13/RPL13A/RPL14/RPL15/RPL17/RPL18/RPL18A/RPL19/RPL22/RPL23/RPL23A/RPL24/RPL26/RPL27/RPL27A/RPL29/RPL3/RPL31/RPL32/RPL34/RPL35/RPL35A/RPL36/RPL36A/RPL37/RPL37A/RPL3L/RPL41/RPL5/RPL6/RPL7/RPL7A/RPL8/RPL9/RPLP2/RPS10/RPS11/RPS13/RPS14/RPS15/RPS15A/RPS18/RPS19/RPS2/RPS20/RPS24/RPS25/RPS27A/RPS28/RPS3/RPS3A/RPS6/RPS7/RPS8",59,"REACTOME"
"R-HSA-975957","R-HSA-975957","Nonsense Mediated Decay (NMD) enhanced by the Exon Junction Complex (EJC)","59/966","121/10281",3.12924796271312e-29,2.30521266586533e-27,2.18717962867528e-27,"PABPC1/RPL10/RPL10A/RPL11/RPL12/RPL13/RPL13A/RPL14/RPL15/RPL17/RPL18/RPL18A/RPL19/RPL22/RPL23/RPL23A/RPL24/RPL26/RPL27/RPL27A/RPL29/RPL3/RPL31/RPL32/RPL34/RPL35/RPL35A/RPL36/RPL36A/RPL37/RPL37A/RPL3L/RPL41/RPL5/RPL6/RPL7/RPL7A/RPL8/RPL9/RPLP2/RPS10/RPS11/RPS13/RPS14/RPS15/RPS15A/RPS18/RPS19/RPS2/RPS20/RPS24/RPS25/RPS27A/RPS28/RPS3/RPS3A/RPS6/RPS7/RPS8",59,"REACTOME"
"R-HSA-72766","R-HSA-72766","Translation","67/966","164/10281",2.50640643911626e-27,1.73098694701467e-25,1.64235579826302e-25,"EEF1A1/EEF1A2/EEF1G/EEF2/EIF3E/EIF3H/EIF3L/EIF4A2/PABPC1/RPL10/RPL10A/RPL11/RPL12/RPL13/RPL13A/RPL14/RPL15/RPL17/RPL18/RPL18A/RPL19/RPL22/RPL23/RPL23A/RPL24/RPL26/RPL27/RPL27A/RPL29/RPL3/RPL31/RPL32/RPL34/RPL35/RPL35A/RPL36/RPL36A/RPL37/RPL37A/RPL3L/RPL41/RPL5/RPL6/RPL7/RPL7A/RPL8/RPL9/RPLP2/RPS10/RPS11/RPS13/RPS14/RPS15/RPS15A/RPS18/RPS19/RPS2/RPS20/RPS24/RPS25/RPS27A/RPS28/RPS3/RPS3A/RPS6/RPS7/RPS8",67,"REACTOME"
"R-HSA-168273","R-HSA-168273","Influenza Viral RNA Transcription and Replication","59/966","137/10281",1.24104016367006e-25,8.06676106385538e-24,7.65372138090018e-24,"POLR2H/RPL10/RPL10A/RPL11/RPL12/RPL13/RPL13A/RPL14/RPL15/RPL17/RPL18/RPL18A/RPL19/RPL22/RPL23/RPL23A/RPL24/RPL26/RPL27/RPL27A/RPL29/RPL3/RPL31/RPL32/RPL34/RPL35/RPL35A/RPL36/RPL36A/RPL37/RPL37A/RPL3L/RPL41/RPL5/RPL6/RPL7/RPL7A/RPL8/RPL9/RPLP2/RPS10/RPS11/RPS13/RPS14/RPS15/RPS15A/RPS18/RPS19/RPS2/RPS20/RPS24/RPS25/RPS27A/RPS28/RPS3/RPS3A/RPS6/RPS7/RPS8",59,"REACTOME"
"R-HSA-168255","R-HSA-168255","Influenza Life Cycle","60/966","146/10281",9.70139408589542e-25,5.95557803606358e-23,5.65063655529347e-23,"CALR/POLR2H/RPL10/RPL10A/RPL11/RPL12/RPL13/RPL13A/RPL14/RPL15/RPL17/RPL18/RPL18A/RPL19/RPL22/RPL23/RPL23A/RPL24/RPL26/RPL27/RPL27A/RPL29/RPL3/RPL31/RPL32/RPL34/RPL35/RPL35A/RPL36/RPL36A/RPL37/RPL37A/RPL3L/RPL41/RPL5/RPL6/RPL7/RPL7A/RPL8/RPL9/RPLP2/RPS10/RPS11/RPS13/RPS14/RPS15/RPS15A/RPS18/RPS19/RPS2/RPS20/RPS24/RPS25/RPS27A/RPS28/RPS3/RPS3A/RPS6/RPS7/RPS8",60,"REACTOME"
"R-HSA-168254","R-HSA-168254","Influenza Infection","61/966","157/10281",1.38160402479524e-23,8.0351181442039e-22,7.62369866313607e-22,"CALR/PABPN1/POLR2H/RPL10/RPL10A/RPL11/RPL12/RPL13/RPL13A/RPL14/RPL15/RPL17/RPL18/RPL18A/RPL19/RPL22/RPL23/RPL23A/RPL24/RPL26/RPL27/RPL27A/RPL29/RPL3/RPL31/RPL32/RPL34/RPL35/RPL35A/RPL36/RPL36A/RPL37/RPL37A/RPL3L/RPL41/RPL5/RPL6/RPL7/RPL7A/RPL8/RPL9/RPLP2/RPS10/RPS11/RPS13/RPS14/RPS15/RPS15A/RPS18/RPS19/RPS2/RPS20/RPS24/RPS25/RPS27A/RPS28/RPS3/RPS3A/RPS6/RPS7/RPS8",61,"REACTOME"
"R-HSA-6791226","R-HSA-6791226","Major pathway of rRNA processing in the nucleolus and cytosol","61/966","182/10281",9.61276446581631e-20,5.31105236736351e-18,5.03911231997529e-18,"CSNK1D/EXOSC7/FBL/RPL10/RPL10A/RPL11/RPL12/RPL13/RPL13A/RPL14/RPL15/RPL17/RPL18/RPL18A/RPL19/RPL22/RPL23/RPL23A/RPL24/RPL26/RPL27/RPL27A/RPL29/RPL3/RPL31/RPL32/RPL34/RPL35/RPL35A/RPL36/RPL36A/RPL37/RPL37A/RPL3L/RPL41/RPL5/RPL6/RPL7/RPL7A/RPL8/RPL9/RPLP2/RPS10/RPS11/RPS13/RPS14/RPS15/RPS15A/RPS18/RPS19/RPS2/RPS20/RPS24/RPS25/RPS27A/RPS28/RPS3/RPS3A/RPS6/RPS7/RPS8",61,"REACTOME"
"R-HSA-8868773","R-HSA-8868773","rRNA processing in the nucleus and cytosol","61/966","194/10281",3.48584786167708e-18,1.83421994626342e-16,1.74030299259668e-16,"CSNK1D/EXOSC7/FBL/RPL10/RPL10A/RPL11/RPL12/RPL13/RPL13A/RPL14/RPL15/RPL17/RPL18/RPL18A/RPL19/RPL22/RPL23/RPL23A/RPL24/RPL26/RPL27/RPL27A/RPL29/RPL3/RPL31/RPL32/RPL34/RPL35/RPL35A/RPL36/RPL36A/RPL37/RPL37A/RPL3L/RPL41/RPL5/RPL6/RPL7/RPL7A/RPL8/RPL9/RPLP2/RPS10/RPS11/RPS13/RPS14/RPS15/RPS15A/RPS18/RPS19/RPS2/RPS20/RPS24/RPS25/RPS27A/RPS28/RPS3/RPS3A/RPS6/RPS7/RPS8",61,"REACTOME"
"R-HSA-72312","R-HSA-72312","rRNA processing","61/966","204/10281",5.34730208493588e-17,2.68580400175188e-15,2.5482836730125e-15,"CSNK1D/EXOSC7/FBL/RPL10/RPL10A/RPL11/RPL12/RPL13/RPL13A/RPL14/RPL15/RPL17/RPL18/RPL18A/RPL19/RPL22/RPL23/RPL23A/RPL24/RPL26/RPL27/RPL27A/RPL29/RPL3/RPL31/RPL32/RPL34/RPL35/RPL35A/RPL36/RPL36A/RPL37/RPL37A/RPL3L/RPL41/RPL5/RPL6/RPL7/RPL7A/RPL8/RPL9/RPLP2/RPS10/RPS11/RPS13/RPS14/RPS15/RPS15A/RPS18/RPS19/RPS2/RPS20/RPS24/RPS25/RPS27A/RPS28/RPS3/RPS3A/RPS6/RPS7/RPS8",61,"REACTOME"
"R-HSA-71291","R-HSA-71291","Metabolism of amino acids and derivatives","81/966","364/10281",6.35662182901825e-14,3.05394222655007e-12,2.8975722387653e-12,"AFMID/ARG2/ASL/ASPG/ASS1/AUH/BCKDHA/CARNS1/CBS/CBSL/CKB/CTH/ETHE1/FTCD/GPT/HAAO/NAALAD2/PHYKPL/PNMT/PRODH/RPL10/RPL10A/RPL11/RPL12/RPL13/RPL13A/RPL14/RPL15/RPL17/RPL18/RPL18A/RPL19/RPL22/RPL23/RPL23A/RPL24/RPL26/RPL27/RPL27A/RPL29/RPL3/RPL31/RPL32/RPL34/RPL35/RPL35A/RPL36/RPL36A/RPL37/RPL37A/RPL3L/RPL41/RPL5/RPL6/RPL7/RPL7A/RPL8/RPL9/RPLP2/RPS10/RPS11/RPS13/RPS14/RPS15/RPS15A/RPS18/RPS19/RPS2/RPS20/RPS24/RPS25/RPS27A/RPS28/RPS3/RPS3A/RPS6/RPS7/RPS8/SLC6A8/SMS/TPH2",81,"REACTOME"
"R-HSA-191273","R-HSA-191273","Cholesterol biosynthesis","16/966","24/10281",1.16983111111039e-11,5.38609740740411e-10,5.11031485379804e-10,"ACAT2/CYP51A1/DHCR7/EBP/FDFT1/FDPS/HMGCR/HMGCS1/HSD17B7/IDI1/LSS/MSMO1/MVD/MVK/NSDHL/SQLE",16,"REACTOME"
"R-HSA-72649","R-HSA-72649","Translation initiation complex formation","24/966","64/10281",1.08491284574901e-09,4.79531477821061e-08,4.54978187101478e-08,"EIF3E/EIF3H/EIF3L/EIF4A2/PABPC1/RPS10/RPS11/RPS13/RPS14/RPS15/RPS15A/RPS18/RPS19/RPS2/RPS20/RPS24/RPS25/RPS27A/RPS28/RPS3/RPS3A/RPS6/RPS7/RPS8",24,"REACTOME"
"R-HSA-72695","R-HSA-72695","Formation of the ternary complex, and subsequently, the 43S complex","22/966","55/10281",1.27643303309543e-09,5.42484039065558e-08,5.14707409296781e-08,"EIF3E/EIF3H/EIF3L/RPS10/RPS11/RPS13/RPS14/RPS15/RPS15A/RPS18/RPS19/RPS2/RPS20/RPS24/RPS25/RPS27A/RPS28/RPS3/RPS3A/RPS6/RPS7/RPS8",22,"REACTOME"
"R-HSA-72662","R-HSA-72662","Activation of the mRNA upon binding of the cap-binding complex and eIFs, and subsequent binding to 43S","24/966","65/10281",1.56886541395317e-09,6.42072697191946e-08,6.09196862494097e-08,"EIF3E/EIF3H/EIF3L/EIF4A2/PABPC1/RPS10/RPS11/RPS13/RPS14/RPS15/RPS15A/RPS18/RPS19/RPS2/RPS20/RPS24/RPS25/RPS27A/RPS28/RPS3/RPS3A/RPS6/RPS7/RPS8",24,"REACTOME"
"R-HSA-5663205","R-HSA-5663205","Infectious disease","73/966","387/10281",3.7005711686354e-09,1.46040397905076e-07,1.38562739998528e-07,"AP2A2/CALR/CD4/CD8B/CXCR4/EEF2/LCK/NEDD4L/PABPN1/POLR2H/RPL10/RPL10A/RPL11/RPL12/RPL13/RPL13A/RPL14/RPL15/RPL17/RPL18/RPL18A/RPL19/RPL22/RPL23/RPL23A/RPL24/RPL26/RPL27/RPL27A/RPL29/RPL3/RPL31/RPL32/RPL34/RPL35/RPL35A/RPL36/RPL36A/RPL37/RPL37A/RPL3L/RPL41/RPL5/RPL6/RPL7/RPL7A/RPL8/RPL9/RPLP2/RPS10/RPS11/RPS13/RPS14/RPS15/RPS15A/RPS18/RPS19/RPS2/RPS20/RPS24/RPS25/RPS27A/RPS28/RPS3/RPS3A/RPS6/RPS7/RPS8/SH3GL3/TAF9B/VPS28/VPS37B/VPS37D",73,"REACTOME"
"R-HSA-72702","R-HSA-72702","Ribosomal scanning and start codon recognition","23/966","63/10281",4.44397764829117e-09,1.6933087246075e-07,1.60660680134229e-07,"EIF3E/EIF3H/EIF3L/EIF4A2/RPS10/RPS11/RPS13/RPS14/RPS15/RPS15A/RPS18/RPS19/RPS2/RPS20/RPS24/RPS25/RPS27A/RPS28/RPS3/RPS3A/RPS6/RPS7/RPS8",23,"REACTOME"
"R-HSA-397014","R-HSA-397014","Muscle contraction","42/966","207/10281",1.15502131270115e-06,4.25432850178256e-05,4.03649553491348e-05,"ABCC9/ACTA2/ACTG2/ACTN2/ANXA1/ANXA6/ATP2B4/CACNA1F/CACNA2D2/CACNA2D3/CACNB1/CACNB2/CACNG6/CACNG8/DES/DMD/FGF11/FXYD3/FXYD6/KCND3/KCNE5/KCNH2/KCNIP2/KCNQ1/LMOD1/MYBPC1/MYH11/MYL4/MYL6B/MYL9/MYLK/NOS1/NPR2/SCN4B/SORBS3/TLN1/TNNC1/TNNI2/TNNT1/TNNT3/TPM1/TPM2",42,"REACTOME"
"R-HSA-3906995","R-HSA-3906995","Diseases associated with O-glycosylation of proteins","17/966","55/10281",6.56872919895037e-06,0.000234143411769038,0.000222154644555334,"ADAMTS1/ADAMTS10/ADAMTS13/ADAMTS20/ADAMTSL4/MUC1/MUC12/MUC16/MUC3A/MUC4/MUC5B/MUC6/MUC7/SBSPON/SEMA5A/SPON2/THSD7B",17,"REACTOME"
"R-HSA-445355","R-HSA-445355","Smooth Muscle Contraction","13/966","36/10281",1.21434408412852e-05,0.00041932819155063,0.000397857469668424,"ACTA2/ACTG2/ANXA1/ANXA6/LMOD1/MYH11/MYL6B/MYL9/MYLK/SORBS3/TLN1/TPM1/TPM2",13,"REACTOME"
"R-HSA-70171","R-HSA-70171","Glycolysis","12/966","32/10281",1.687396494359e-05,0.000565022159474757,0.000536091517825061,"ALDOA/ALDOC/ENO1/ENO2/GCK/GPI/HK2/PFKFB4/PFKL/PFKP/PGAM1/PGK1",12,"REACTOME"
"R-HSA-5083625","R-HSA-5083625","Defective GALNT3 causes familial hyperphosphatemic tumoral calcinosis (HFTC)","8/966","15/10281",2.08194427943979e-05,0.000639041230216934,0.000606320614714043,"MUC1/MUC12/MUC16/MUC3A/MUC4/MUC5B/MUC6/MUC7",8,"REACTOME"
"R-HSA-5083632","R-HSA-5083632","Defective C1GALT1C1 causes Tn polyagglutination syndrome (TNPS)","8/966","15/10281",2.08194427943979e-05,0.000639041230216934,0.000606320614714043,"MUC1/MUC12/MUC16/MUC3A/MUC4/MUC5B/MUC6/MUC7",8,"REACTOME"
"R-HSA-5083636","R-HSA-5083636","Defective GALNT12 causes colorectal cancer 1 (CRCS1)","8/966","15/10281",2.08194427943979e-05,0.000639041230216934,0.000606320614714043,"MUC1/MUC12/MUC16/MUC3A/MUC4/MUC5B/MUC6/MUC7",8,"REACTOME"
"R-HSA-1474244","R-HSA-1474244","Extracellular matrix organization","50/966","300/10281",4.01443054545871e-05,0.0011989042574951,0.00113751716167194,"A2M/ADAMTS1/ASPN/BMP4/BSG/CAPN12/CAPN13/CAPN8/CAPN9/CAPNS1/COL13A1/COL17A1/COL23A1/COL27A1/COL4A5/COL4A6/COL7A1/COL9A1/CTSV/DMD/EFEMP1/EFEMP2/FBLN1/FBN3/ICAM4/ITGA2B/ITGA5/ITGA8/ITGB4/LAMA1/LAMA5/LAMB2/LAMC3/LOXL3/LRP4/LTBP4/MMP19/NID1/P3H2/P3H3/P4HA1/P4HB/PHYKPL/PLG/PLOD1/PLOD2/PPIB/PTPRS/SERPINH1/TLL1",50,"REACTOME"
"R-HSA-2426168","R-HSA-2426168","Activation of gene expression by SREBF (SREBP)","13/966","42/10281",7.86196685091338e-05,0.00228617720269981,0.00216911883199716,"CYP51A1/DHCR7/FASN/FDFT1/FDPS/HMGCR/HMGCS1/IDI1/LSS/MVD/MVK/SQLE/SREBF2",13,"REACTOME"
"R-HSA-1655829","R-HSA-1655829","Regulation of cholesterol biosynthesis by SREBP (SREBF)","15/966","55/10281",0.000114621991705569,0.00324762309832444,0.0030813361332995,"CYP51A1/DHCR7/FASN/FDFT1/FDPS/HMGCR/HMGCS1/IDI1/INSIG1/INSIG2/LSS/MVD/MVK/SQLE/SREBF2",15,"REACTOME"
"R-HSA-70326","R-HSA-70326","Glucose metabolism","19/966","81/10281",0.000138398317408301,0.00382325351840431,0.00362749274049125,"ALDOA/ALDOC/ENO1/ENO2/GCK/GPI/GYG2/HK2/PC/PCK1/PFKFB4/PFKL/PFKP/PGAM1/PGK1/PGM1/PHKA2/PYGL/RPS27A",19,"REACTOME"
"R-HSA-1650814","R-HSA-1650814","Collagen biosynthesis and modifying enzymes","17/966","70/10281",0.000196063836419292,0.00528415949373946,0.0050135964332122,"COL13A1/COL17A1/COL23A1/COL27A1/COL4A5/COL4A6/COL7A1/COL9A1/P3H2/P3H3/P4HA1/P4HB/PLOD1/PLOD2/PPIB/SERPINH1/TLL1",17,"REACTOME"
"R-HSA-390522","R-HSA-390522","Striated Muscle Contraction","11/966","36/10281",0.000315446647187475,0.00829925107481332,0.00787430728317606,"ACTN2/DES/DMD/MYBPC1/MYL4/TNNC1/TNNI2/TNNT1/TNNT3/TPM1/TPM2",11,"REACTOME"
"R-HSA-1474290","R-HSA-1474290","Collagen formation","20/966","93/10281",0.000326489560548617,0.00839002242805166,0.00796043090101401,"COL13A1/COL17A1/COL23A1/COL27A1/COL4A5/COL4A6/COL7A1/COL9A1/CTSV/ITGB4/LOXL3/P3H2/P3H3/P4HA1/P4HB/PLOD1/PLOD2/PPIB/SERPINH1/TLL1",20,"REACTOME"
"R-HSA-174824","R-HSA-174824","Lipoprotein metabolism","17/966","73/10281",0.000335984904254459,0.00843780270911766,0.008005764704245,"A2M/AMN/AP2A2/APOA1/APOC1/APOE/CES3/CIDEC/DAB1/LCAT/LIPC/NPC1/NR1H3/P4HB/PCSK6/PLTP/SOAT2",17,"REACTOME"
"R-HSA-5621480","R-HSA-5621480","Dectin-2 family","9/966","26/10281",0.000393439431506423,0.00946438789167375,0.00897978598724178,"FCER1G/MUC1/MUC12/MUC16/MUC3A/MUC4/MUC5B/MUC6/MUC7",9,"REACTOME"
"R-HSA-381426","R-HSA-381426","Regulation of Insulin-like Growth Factor (IGF) transport and uptake by Insulin-like Growth Factor Binding Proteins (IGFBPs)","8/966","21/10281",0.000393992618114925,0.00946438789167375,0.00897978598724178,"F2/IGF2/IGFBP2/IGFBP3/KLK1/KLK13/KLK3/PLG",8,"REACTOME"
"R-HSA-5576893","R-HSA-5576893","Phase 2 - plateau phase","9/966","28/10281",0.000732201556589008,0.0172145259581033,0.0163330963127134,"CACNA1F/CACNA2D2/CACNA2D3/CACNB1/CACNB2/CACNG6/CACNG8/KCNE5/KCNQ1",9,"REACTOME"
"R-HSA-977068","R-HSA-977068","Termination of O-glycan biosynthesis","8/966","23/10281",0.000800721130657629,0.0184332676953475,0.0174894352222587,"MUC1/MUC12/MUC16/MUC3A/MUC4/MUC5B/MUC6/MUC7",8,"REACTOME"
"R-HSA-3781865","R-HSA-3781865","Diseases of glycosylation","17/966","80/10281",0.00103009517219087,0.0232296972504268,0.0220402747905931,"ADAMTS1/ADAMTS10/ADAMTS13/ADAMTS20/ADAMTSL4/MUC1/MUC12/MUC16/MUC3A/MUC4/MUC5B/MUC6/MUC7/SBSPON/SEMA5A/SPON2/THSD7B",17,"REACTOME"
"R-HSA-202430","R-HSA-202430","Translocation of ZAP-70 to Immunological synapse","7/966","19/10281",0.00115844417649856,0.0256016163006181,0.0242907452587908,"CD4/HLA-DPB1/HLA-DRB1/HLA-DRB3/HLA-DRB5/LCK/ZAP70",7,"REACTOME"
"R-HSA-70263","R-HSA-70263","Gluconeogenesis","9/966","32/10281",0.00211011210202079,0.0457190955437837,0.043378155905319,"ALDOA/ALDOC/ENO1/ENO2/GPI/PC/PCK1/PGAM1/PGK1",9,"REACTOME"
"R-HSA-3000480","R-HSA-3000480","Scavenging by Class A Receptors","7/966","21/10281",0.0022617997143521,0.0471563902709258,0.0447418573087327,"APOA1/APOE/CALR/COLEC11/FTH1/HSP90B1/MSR1",7,"REACTOME"
"R-HSA-5423646","R-HSA-5423646","Aflatoxin activation and detoxification","7/966","21/10281",0.0022617997143521,0.0471563902709258,0.0447418573087327,"ACY1/AKR7A3/CYP3A5/DPEP1/GGT1/GGT5/MGST3",7,"REACTOME"
"GO:0006614","GO:0006614","SRP-dependent cotranslational protein targeting to membrane","57/1575","92/15986",1.61088022356857e-34,1.61088022356857e-34,7.83566054011618e-31,"RPL10/RPL10A/RPL11/RPL12/RPL13/RPL13A/RPL14/RPL15/RPL17/RPL18/RPL18A/RPL19/RPL22/RPL23/RPL23A/RPL24/RPL26/RPL27/RPL27A/RPL29/RPL3/RPL31/RPL32/RPL34/RPL35/RPL35A/RPL36/RPL36A/RPL37/RPL37A/RPL41/RPL5/RPL6/RPL7/RPL7A/RPL8/RPL9/RPLP2/RPS10/RPS11/RPS13/RPS14/RPS15/RPS15A/RPS18/RPS19/RPS2/RPS20/RPS24/RPS25/RPS27A/RPS28/RPS3/RPS3A/RPS6/RPS7/RPS8",57,"GO"
"GO:0006613","GO:0006613","cotranslational protein targeting to membrane","57/1575","97/15986",9.64400112539414e-33,9.64400112539414e-33,2.34552258949717e-29,"RPL10/RPL10A/RPL11/RPL12/RPL13/RPL13A/RPL14/RPL15/RPL17/RPL18/RPL18A/RPL19/RPL22/RPL23/RPL23A/RPL24/RPL26/RPL27/RPL27A/RPL29/RPL3/RPL31/RPL32/RPL34/RPL35/RPL35A/RPL36/RPL36A/RPL37/RPL37A/RPL41/RPL5/RPL6/RPL7/RPL7A/RPL8/RPL9/RPLP2/RPS10/RPS11/RPS13/RPS14/RPS15/RPS15A/RPS18/RPS19/RPS2/RPS20/RPS24/RPS25/RPS27A/RPS28/RPS3/RPS3A/RPS6/RPS7/RPS8",57,"GO"
"GO:0045047","GO:0045047","protein targeting to ER","58/1575","101/15986",1.56259846903618e-32,1.56259846903618e-32,2.53360264049691e-29,"PMM1/RPL10/RPL10A/RPL11/RPL12/RPL13/RPL13A/RPL14/RPL15/RPL17/RPL18/RPL18A/RPL19/RPL22/RPL23/RPL23A/RPL24/RPL26/RPL27/RPL27A/RPL29/RPL3/RPL31/RPL32/RPL34/RPL35/RPL35A/RPL36/RPL36A/RPL37/RPL37A/RPL41/RPL5/RPL6/RPL7/RPL7A/RPL8/RPL9/RPLP2/RPS10/RPS11/RPS13/RPS14/RPS15/RPS15A/RPS18/RPS19/RPS2/RPS20/RPS24/RPS25/RPS27A/RPS28/RPS3/RPS3A/RPS6/RPS7/RPS8",58,"GO"
"GO:0072599","GO:0072599","establishment of protein localization to endoplasmic reticulum","58/1575","105/15986",2.82474261980458e-31,2.82474261980458e-31,3.43503569634657e-28,"PMM1/RPL10/RPL10A/RPL11/RPL12/RPL13/RPL13A/RPL14/RPL15/RPL17/RPL18/RPL18A/RPL19/RPL22/RPL23/RPL23A/RPL24/RPL26/RPL27/RPL27A/RPL29/RPL3/RPL31/RPL32/RPL34/RPL35/RPL35A/RPL36/RPL36A/RPL37/RPL37A/RPL41/RPL5/RPL6/RPL7/RPL7A/RPL8/RPL9/RPLP2/RPS10/RPS11/RPS13/RPS14/RPS15/RPS15A/RPS18/RPS19/RPS2/RPS20/RPS24/RPS25/RPS27A/RPS28/RPS3/RPS3A/RPS6/RPS7/RPS8",58,"GO"
"GO:0000184","GO:0000184","nuclear-transcribed mRNA catabolic process, nonsense-mediated decay","61/1575","120/15986",4.01371893460658e-30,4.01371893460658e-30,3.90471477827726e-27,"CTIF/DCP2/EIF3E/PABPC1/RPL10/RPL10A/RPL11/RPL12/RPL13/RPL13A/RPL14/RPL15/RPL17/RPL18/RPL18A/RPL19/RPL22/RPL23/RPL23A/RPL24/RPL26/RPL27/RPL27A/RPL29/RPL3/RPL31/RPL32/RPL34/RPL35/RPL35A/RPL36/RPL36A/RPL37/RPL37A/RPL41/RPL5/RPL6/RPL7/RPL7A/RPL8/RPL9/RPLP2/RPS10/RPS11/RPS13/RPS14/RPS15/RPS15A/RPS18/RPS19/RPS2/RPS20/RPS24/RPS25/RPS27A/RPS28/RPS3/RPS3A/RPS6/RPS7/RPS8",61,"GO"
"GO:0070972","GO:0070972","protein localization to endoplasmic reticulum","62/1575","126/15986",1.46135626943124e-29,1.46135626943124e-29,1.18472409141084e-26,"GRIK5/HSPA5/KDELR1/PDIA3/PMM1/RPL10/RPL10A/RPL11/RPL12/RPL13/RPL13A/RPL14/RPL15/RPL17/RPL18/RPL18A/RPL19/RPL22/RPL23/RPL23A/RPL24/RPL26/RPL27/RPL27A/RPL29/RPL3/RPL31/RPL32/RPL34/RPL35/RPL35A/RPL36/RPL36A/RPL37/RPL37A/RPL41/RPL5/RPL6/RPL7/RPL7A/RPL8/RPL9/RPLP2/RPS10/RPS11/RPS13/RPS14/RPS15/RPS15A/RPS18/RPS19/RPS2/RPS20/RPS24/RPS25/RPS27A/RPS28/RPS3/RPS3A/RPS6/RPS7/RPS8",62,"GO"
"GO:0006413","GO:0006413","translational initiation","67/1575","188/15986",6.43609692941119e-22,6.43609692941119e-22,4.47236149034723e-19,"C8orf88/CTIF/EIF2A/EIF3E/EIF3H/EIF3L/EIF4A2/HSPB1/PABPC1/PAIP2B/RPL10/RPL10A/RPL11/RPL12/RPL13/RPL13A/RPL14/RPL15/RPL17/RPL18/RPL18A/RPL19/RPL22/RPL23/RPL23A/RPL24/RPL26/RPL27/RPL27A/RPL29/RPL3/RPL31/RPL32/RPL34/RPL35/RPL35A/RPL36/RPL36A/RPL37/RPL37A/RPL41/RPL5/RPL6/RPL7/RPL7A/RPL8/RPL9/RPLP2/RPS10/RPS11/RPS13/RPS14/RPS15/RPS15A/RPS18/RPS19/RPS2/RPS20/RPS24/RPS25/RPS27A/RPS28/RPS3/RPS3A/RPS6/RPS7/RPS8",67,"GO"
"GO:0019083","GO:0019083","viral transcription","64/1575","176/15986",1.56462369668139e-21,1.56462369668139e-21,9.5133238189009e-19,"HDAC1/HMGA2/HPN/IFITM3/NELFCD/NUCKS1/POLR2H/RPL10/RPL10A/RPL11/RPL12/RPL13/RPL13A/RPL14/RPL15/RPL17/RPL18/RPL18A/RPL19/RPL22/RPL23/RPL23A/RPL24/RPL26/RPL27/RPL27A/RPL29/RPL3/RPL31/RPL32/RPL34/RPL35/RPL35A/RPL36/RPL36A/RPL37/RPL37A/RPL41/RPL5/RPL6/RPL7/RPL7A/RPL8/RPL9/RPLP2/RPS10/RPS11/RPS13/RPS14/RPS15/RPS15A/RPS18/RPS19/RPS2/RPS20/RPS24/RPS25/RPS27A/RPS28/RPS3/RPS3A/RPS6/RPS7/RPS8",64,"GO"
"GO:0019080","GO:0019080","viral gene expression","65/1575","187/15986",1.24084734786267e-20,1.24084734786267e-20,6.70638081224961e-18,"EIF3L/HDAC1/HMGA2/HPN/IFITM3/NELFCD/NUCKS1/POLR2H/RPL10/RPL10A/RPL11/RPL12/RPL13/RPL13A/RPL14/RPL15/RPL17/RPL18/RPL18A/RPL19/RPL22/RPL23/RPL23A/RPL24/RPL26/RPL27/RPL27A/RPL29/RPL3/RPL31/RPL32/RPL34/RPL35/RPL35A/RPL36/RPL36A/RPL37/RPL37A/RPL41/RPL5/RPL6/RPL7/RPL7A/RPL8/RPL9/RPLP2/RPS10/RPS11/RPS13/RPS14/RPS15/RPS15A/RPS18/RPS19/RPS2/RPS20/RPS24/RPS25/RPS27A/RPS28/RPS3/RPS3A/RPS6/RPS7/RPS8",65,"GO"
"GO:0006612","GO:0006612","protein targeting to membrane","63/1575","187/15986",3.06074943914931e-19,3.06074943914931e-19,1.48881296403252e-16,"ANK3/BSG/MYADM/NKD2/PALM/RPL10/RPL10A/RPL11/RPL12/RPL13/RPL13A/RPL14/RPL15/RPL17/RPL18/RPL18A/RPL19/RPL22/RPL23/RPL23A/RPL24/RPL26/RPL27/RPL27A/RPL29/RPL3/RPL31/RPL32/RPL34/RPL35/RPL35A/RPL36/RPL36A/RPL37/RPL37A/RPL41/RPL5/RPL6/RPL7/RPL7A/RPL8/RPL9/RPLP2/RPS10/RPS11/RPS13/RPS14/RPS15/RPS15A/RPS18/RPS19/RPS2/RPS20/RPS24/RPS25/RPS27A/RPS28/RPS3/RPS3A/RPS6/RPS7/RPS8/STOM",63,"GO"
"GO:0000956","GO:0000956","nuclear-transcribed mRNA catabolic process","65/1575","201/15986",9.32466503865398e-19,9.32466503865398e-19,4.12337580321723e-16,"CTIF/DCP2/EIF3E/EIF4A2/EXOSC7/PABPC1/RPL10/RPL10A/RPL11/RPL12/RPL13/RPL13A/RPL14/RPL15/RPL17/RPL18/RPL18A/RPL19/RPL22/RPL23/RPL23A/RPL24/RPL26/RPL27/RPL27A/RPL29/RPL3/RPL31/RPL32/RPL34/RPL35/RPL35A/RPL36/RPL36A/RPL37/RPL37A/RPL41/RPL5/RPL6/RPL7/RPL7A/RPL8/RPL9/RPLP2/RPS10/RPS11/RPS13/RPS14/RPS15/RPS15A/RPS18/RPS19/RPS2/RPS20/RPS24/RPS25/RPS27A/RPS28/RPS3/RPS3A/RPS6/RPS7/RPS8/TNKS1BP1/ZFP36L1",65,"GO"
"GO:0044033","GO:0044033","multi-organism metabolic process","67/1575","213/15986",1.41501226095562e-18,1.41501226095562e-18,5.73576461217186e-16,"APOBEC3D/ATG16L2/EIF3L/HDAC1/HMGA2/HPN/IFITM3/NELFCD/NUCKS1/POLR2H/RPL10/RPL10A/RPL11/RPL12/RPL13/RPL13A/RPL14/RPL15/RPL17/RPL18/RPL18A/RPL19/RPL22/RPL23/RPL23A/RPL24/RPL26/RPL27/RPL27A/RPL29/RPL3/RPL31/RPL32/RPL34/RPL35/RPL35A/RPL36/RPL36A/RPL37/RPL37A/RPL41/RPL5/RPL6/RPL7/RPL7A/RPL8/RPL9/RPLP2/RPS10/RPS11/RPS13/RPS14/RPS15/RPS15A/RPS18/RPS19/RPS2/RPS20/RPS24/RPS25/RPS27A/RPS28/RPS3/RPS3A/RPS6/RPS7/RPS8",67,"GO"
"GO:0006402","GO:0006402","mRNA catabolic process","65/1575","219/15986",1.22747433026191e-16,1.22747433026191e-16,4.59284119849417e-14,"CTIF/DCP2/EIF3E/EIF4A2/EXOSC7/PABPC1/RPL10/RPL10A/RPL11/RPL12/RPL13/RPL13A/RPL14/RPL15/RPL17/RPL18/RPL18A/RPL19/RPL22/RPL23/RPL23A/RPL24/RPL26/RPL27/RPL27A/RPL29/RPL3/RPL31/RPL32/RPL34/RPL35/RPL35A/RPL36/RPL36A/RPL37/RPL37A/RPL41/RPL5/RPL6/RPL7/RPL7A/RPL8/RPL9/RPLP2/RPS10/RPS11/RPS13/RPS14/RPS15/RPS15A/RPS18/RPS19/RPS2/RPS20/RPS24/RPS25/RPS27A/RPS28/RPS3/RPS3A/RPS6/RPS7/RPS8/TNKS1BP1/ZFP36L1",65,"GO"
"GO:0006401","GO:0006401","RNA catabolic process","68/1575","249/15986",2.61215784051325e-15,2.61215784051325e-15,9.07577547444491e-13,"CTIF/DCP2/EIF3E/EIF4A2/ERN2/EXOSC7/HNRNPD/ISG20/PABPC1/RPL10/RPL10A/RPL11/RPL12/RPL13/RPL13A/RPL14/RPL15/RPL17/RPL18/RPL18A/RPL19/RPL22/RPL23/RPL23A/RPL24/RPL26/RPL27/RPL27A/RPL29/RPL3/RPL31/RPL32/RPL34/RPL35/RPL35A/RPL36/RPL36A/RPL37/RPL37A/RPL41/RPL5/RPL6/RPL7/RPL7A/RPL8/RPL9/RPLP2/RPS10/RPS11/RPS13/RPS14/RPS15/RPS15A/RPS18/RPS19/RPS2/RPS20/RPS24/RPS25/RPS27A/RPS28/RPS3/RPS3A/RPS6/RPS7/RPS8/TNKS1BP1/ZFP36L1",68,"GO"
"GO:0044270","GO:0044270","cellular nitrogen compound catabolic process","95/1575","418/15986",3.4705361819619e-15,3.4705361819619e-15,1.12542790855059e-12,"AFMID/ALDH1L1/AMBP/APAF1/APOBEC3C/BLVRB/CARNS1/CDA/CTIF/CYP2D6/CYP3A5/DCP2/DNASE1/DPEP1/EIF3E/EIF4A2/ENTPD2/ERN2/EXOSC7/FTCD/HAAO/HMGB2/HNRNPD/ISG20/MPST/NEIL1/NT5C/PABPC1/PDE1A/PDE2A/PDE4C/PDE9A/QPRT/RACK1/RAPGEF3/RPL10/RPL10A/RPL11/RPL12/RPL13/RPL13A/RPL14/RPL15/RPL17/RPL18/RPL18A/RPL19/RPL22/RPL23/RPL23A/RPL24/RPL26/RPL27/RPL27A/RPL29/RPL3/RPL31/RPL32/RPL34/RPL35/RPL35A/RPL36/RPL36A/RPL37/RPL37A/RPL41/RPL5/RPL6/RPL7/RPL7A/RPL8/RPL9/RPLP2/RPS10/RPS11/RPS13/RPS14/RPS15/RPS15A/RPS18/RPS19/RPS2/RPS20/RPS24/RPS25/RPS27A/RPS28/RPS3/RPS3A/RPS6/RPS7/RPS8/TNKS1BP1/TYMP/ZFP36L1",95,"GO"
"GO:0019058","GO:0019058","viral life cycle","98/1575","446/15986",1.23045566834895e-14,1.23045566834895e-14,3.74074713384243e-12,"ANPEP/APOBEC3C/APOBEC3D/APOE/ATG16L2/AXL/BST2/C19orf66/CD4/CXCR4/DDX39B/EIF3L/HAVCR1/HDAC1/HMGA2/HPN/IFIT1/IFITM1/IFITM2/IFITM3/ISG20/ITGA5/MX1/NEDD4L/NELFCD/NPC1/NUCKS1/P4HB/PABPC1/PARP10/PC/PML/POLR2H/PPIB/RPL10/RPL10A/RPL11/RPL12/RPL13/RPL13A/RPL14/RPL15/RPL17/RPL18/RPL18A/RPL19/RPL22/RPL23/RPL23A/RPL24/RPL26/RPL27/RPL27A/RPL29/RPL3/RPL31/RPL32/RPL34/RPL35/RPL35A/RPL36/RPL36A/RPL37/RPL37A/RPL41/RPL5/RPL6/RPL7/RPL7A/RPL8/RPL9/RPLP2/RPS10/RPS11/RPS13/RPS14/RPS15/RPS15A/RPS18/RPS19/RPS2/RPS20/RPS24/RPS25/RPS27A/RPS28/RPS3/RPS3A/RPS6/RPS7/RPS8/STOM/TNFRSF14/TNIP1/TYRO3/VPS28/VPS37B/VPS37D",98,"GO"
"GO:0046700","GO:0046700","heterocycle catabolic process","93/1575","415/15986",1.70265533277303e-14,1.70265533277303e-14,4.87180823080134e-12,"AFMID/ALDH1L1/AMBP/APAF1/APOBEC3C/BLVRB/CARNS1/CDA/CTIF/DCP2/DNASE1/DPEP1/EIF3E/EIF4A2/ENTPD2/ERN2/EXOSC7/FTCD/HAAO/HMGB2/HNRNPD/ISG20/NEIL1/NT5C/PABPC1/PDE1A/PDE2A/PDE4C/PDE9A/PRODH/QPRT/RACK1/RAPGEF3/RPL10/RPL10A/RPL11/RPL12/RPL13/RPL13A/RPL14/RPL15/RPL17/RPL18/RPL18A/RPL19/RPL22/RPL23/RPL23A/RPL24/RPL26/RPL27/RPL27A/RPL29/RPL3/RPL31/RPL32/RPL34/RPL35/RPL35A/RPL36/RPL36A/RPL37/RPL37A/RPL41/RPL5/RPL6/RPL7/RPL7A/RPL8/RPL9/RPLP2/RPS10/RPS11/RPS13/RPS14/RPS15/RPS15A/RPS18/RPS19/RPS2/RPS20/RPS24/RPS25/RPS27A/RPS28/RPS3/RPS3A/RPS6/RPS7/RPS8/TNKS1BP1/TYMP/ZFP36L1",93,"GO"
"GO:1901361","GO:1901361","organic cyclic compound catabolic process","97/1575","462/15986",3.20579392056988e-13,3.20579392056988e-13,8.6631425186862e-11,"AFMID/ALDH1L1/AMBP/APAF1/APOBEC3C/APOE/BLVRB/CARNS1/CDA/CTIF/DCP2/DNASE1/EIF3E/EIF4A2/ENTPD2/EPHX2/ERN2/EXOSC7/FTCD/HAAO/HMGB2/HNRNPD/HSD17B14/ISG20/MAOA/MT3/NEIL1/NT5C/PABPC1/PDE1A/PDE2A/PDE4C/PDE9A/PRODH/QPRT/RACK1/RAPGEF3/RPL10/RPL10A/RPL11/RPL12/RPL13/RPL13A/RPL14/RPL15/RPL17/RPL18/RPL18A/RPL19/RPL22/RPL23/RPL23A/RPL24/RPL26/RPL27/RPL27A/RPL29/RPL3/RPL31/RPL32/RPL34/RPL35/RPL35A/RPL36/RPL36A/RPL37/RPL37A/RPL41/RPL5/RPL6/RPL7/RPL7A/RPL8/RPL9/RPLP2/RPS10/RPS11/RPS13/RPS14/RPS15/RPS15A/RPS18/RPS19/RPS2/RPS20/RPS24/RPS25/RPS27A/RPS28/RPS3/RPS3A/RPS6/RPS7/RPS8/TNKS1BP1/TYMP/ZFP36L1",97,"GO"
"GO:0019439","GO:0019439","aromatic compound catabolic process","92/1575","430/15986",4.25603253679662e-13,4.25603253679662e-13,1.04213211814414e-10,"AFMID/ALDH1L1/AMBP/APAF1/APOBEC3C/BLVRB/CARNS1/CDA/CTIF/DCP2/DNASE1/EIF3E/EIF4A2/ENTPD2/EPHX2/ERN2/EXOSC7/FTCD/HAAO/HMGB2/HNRNPD/ISG20/MAOA/NEIL1/NT5C/PABPC1/PDE1A/PDE2A/PDE4C/PDE9A/RACK1/RAPGEF3/RPL10/RPL10A/RPL11/RPL12/RPL13/RPL13A/RPL14/RPL15/RPL17/RPL18/RPL18A/RPL19/RPL22/RPL23/RPL23A/RPL24/RPL26/RPL27/RPL27A/RPL29/RPL3/RPL31/RPL32/RPL34/RPL35/RPL35A/RPL36/RPL36A/RPL37/RPL37A/RPL41/RPL5/RPL6/RPL7/RPL7A/RPL8/RPL9/RPLP2/RPS10/RPS11/RPS13/RPS14/RPS15/RPS15A/RPS18/RPS19/RPS2/RPS20/RPS24/RPS25/RPS27A/RPS28/RPS3/RPS3A/RPS6/RPS7/RPS8/TNKS1BP1/TYMP/ZFP36L1",92,"GO"
"GO:0034655","GO:0034655","nucleobase-containing compound catabolic process","83/1575","370/15986",4.28489726135871e-13,4.28489726135871e-13,1.04213211814414e-10,"APAF1/APOBEC3C/CDA/CTIF/DCP2/DNASE1/EIF3E/EIF4A2/ENTPD2/ERN2/EXOSC7/HMGB2/HNRNPD/ISG20/NEIL1/NT5C/PABPC1/PDE1A/PDE2A/PDE4C/PDE9A/RACK1/RAPGEF3/RPL10/RPL10A/RPL11/RPL12/RPL13/RPL13A/RPL14/RPL15/RPL17/RPL18/RPL18A/RPL19/RPL22/RPL23/RPL23A/RPL24/RPL26/RPL27/RPL27A/RPL29/RPL3/RPL31/RPL32/RPL34/RPL35/RPL35A/RPL36/RPL36A/RPL37/RPL37A/RPL41/RPL5/RPL6/RPL7/RPL7A/RPL8/RPL9/RPLP2/RPS10/RPS11/RPS13/RPS14/RPS15/RPS15A/RPS18/RPS19/RPS2/RPS20/RPS24/RPS25/RPS27A/RPS28/RPS3/RPS3A/RPS6/RPS7/RPS8/TNKS1BP1/TYMP/ZFP36L1",83,"GO"
"GO:0090150","GO:0090150","establishment of protein localization to membrane","80/1575","369/15986",7.35254142313246e-12,7.35254142313246e-12,1.70306235169399e-09,"ACTN2/AGR2/AMN/ANK3/BAG6/BSG/CACNB2/DPP10/FLOT1/GPER1/LAMA5/MYADM/NKD2/NPC1/OPTN/PALM/RAB34/RACK1/RFTN1/RPL10/RPL10A/RPL11/RPL12/RPL13/RPL13A/RPL14/RPL15/RPL17/RPL18/RPL18A/RPL19/RPL22/RPL23/RPL23A/RPL24/RPL26/RPL27/RPL27A/RPL29/RPL3/RPL31/RPL32/RPL34/RPL35/RPL35A/RPL36/RPL36A/RPL37/RPL37A/RPL41/RPL5/RPL6/RPL7/RPL7A/RPL8/RPL9/RPLP2/RPS10/RPS11/RPS13/RPS14/RPS15/RPS15A/RPS18/RPS19/RPS2/RPS20/RPS24/RPS25/RPS27A/RPS28/RPS3/RPS3A/RPS6/RPS7/RPS8/S100A10/SFN/STOM/SYNE3",80,"GO"
"GO:0006364","GO:0006364","rRNA processing","62/1575","254/15986",9.6290431472009e-12,9.6290431472009e-12,2.1289860470438e-09,"CSNK1D/EXOSC7/FBL/ISG20/PIH1D1/RPL10/RPL10A/RPL11/RPL12/RPL13/RPL13A/RPL14/RPL15/RPL17/RPL18/RPL18A/RPL19/RPL22/RPL23/RPL23A/RPL24/RPL26/RPL27/RPL27A/RPL29/RPL3/RPL31/RPL32/RPL34/RPL35/RPL35A/RPL36/RPL36A/RPL37/RPL37A/RPL41/RPL5/RPL6/RPL7/RPL7A/RPL8/RPL9/RPLP2/RPS10/RPS11/RPS13/RPS14/RPS15/RPS15A/RPS18/RPS19/RPS2/RPS20/RPS24/RPS25/RPS27A/RPS28/RPS3/RPS3A/RPS6/RPS7/RPS8",62,"GO"
"GO:0016072","GO:0016072","rRNA metabolic process","64/1575","286/15986",2.36769435227306e-10,2.36769435227306e-10,5.00737556148916e-08,"ANG/CSNK1D/ERN2/EXOSC7/FBL/ISG20/PIH1D1/RPL10/RPL10A/RPL11/RPL12/RPL13/RPL13A/RPL14/RPL15/RPL17/RPL18/RPL18A/RPL19/RPL22/RPL23/RPL23A/RPL24/RPL26/RPL27/RPL27A/RPL29/RPL3/RPL31/RPL32/RPL34/RPL35/RPL35A/RPL36/RPL36A/RPL37/RPL37A/RPL41/RPL5/RPL6/RPL7/RPL7A/RPL8/RPL9/RPLP2/RPS10/RPS11/RPS13/RPS14/RPS15/RPS15A/RPS18/RPS19/RPS2/RPS20/RPS24/RPS25/RPS27A/RPS28/RPS3/RPS3A/RPS6/RPS7/RPS8",64,"GO"
"GO:0006695","GO:0006695","cholesterol biosynthetic process","21/1575","51/15986",4.01148364103413e-09,4.01148364103413e-09,7.80508038114473e-07,"ACAT2/APOA1/APOE/CYB5R3/CYP51A1/DHCR7/EBP/FDFT1/FDPS/HMGCR/HMGCS1/HSD17B7/IDI1/INSIG1/INSIG2/LSS/MSMO1/MVD/MVK/NSDHL/SQLE",21,"GO"
"GO:1902653","GO:1902653","secondary alcohol biosynthetic process","21/1575","51/15986",4.01148364103413e-09,4.01148364103413e-09,7.80508038114473e-07,"ACAT2/APOA1/APOE/CYB5R3/CYP51A1/DHCR7/EBP/FDFT1/FDPS/HMGCR/HMGCS1/HSD17B7/IDI1/INSIG1/INSIG2/LSS/MSMO1/MVD/MVK/NSDHL/SQLE",21,"GO"
"GO:0042254","GO:0042254","ribosome biogenesis","64/1575","311/15986",8.32096648554652e-09,8.32096648554652e-09,1.55672818338909e-06,"CSNK1D/EIF2A/EXOSC7/FBL/ISG20/NOP53/PIH1D1/RPL10/RPL10A/RPL11/RPL12/RPL13/RPL13A/RPL14/RPL15/RPL17/RPL18/RPL18A/RPL19/RPL22/RPL23/RPL23A/RPL24/RPL26/RPL27/RPL27A/RPL29/RPL3/RPL31/RPL32/RPL34/RPL35/RPL35A/RPL36/RPL36A/RPL37/RPL37A/RPL41/RPL5/RPL6/RPL7/RPL7A/RPL8/RPL9/RPLP2/RPS10/RPS11/RPS13/RPS14/RPS15/RPS15A/RPS18/RPS19/RPS2/RPS20/RPS24/RPS25/RPS27A/RPS28/RPS3/RPS3A/RPS6/RPS7/RPS8",64,"GO"
"GO:0016126","GO:0016126","sterol biosynthetic process","21/1575","55/15986",2.00196557183439e-08,2.00196557183439e-08,3.60666000290321e-06,"ACAT2/APOA1/APOE/CYB5R3/CYP51A1/DHCR7/EBP/FDFT1/FDPS/HMGCR/HMGCS1/HSD17B7/IDI1/INSIG1/INSIG2/LSS/MSMO1/MVD/MVK/NSDHL/SQLE",21,"GO"
"GO:0006936","GO:0006936","muscle contraction","65/1575","327/15986",2.61700084441098e-08,2.61700084441098e-08,4.54630109098614e-06,"ACTA2/ACTG2/ACTN2/ALDOA/ANXA6/ARG2/CACNB2/CCDC78/CHGA/CHRM2/CNN1/CTNNA3/DES/DMD/DRD2/EEF2/ENO1/FLNA/GDNF/GPER1/HMCN2/HRC/HSPB6/KCND3/KCNE5/KCNH2/KCNIP2/KCNJ5/KCNJ8/KCNQ1/LMOD1/MYBPC1/MYH11/MYL4/MYL6B/MYL9/MYLK/NEDD4L/NMUR2/NOS1/NPY2R/OBSL1/OXTR/P2RX1/PABPN1/PPP1R13L/PTGER3/RNF207/SCN4B/SLC6A8/SLC9A1/SMTN/SNTA1/SORBS3/SPHK1/STC1/TACR1/TLN1/TNNC1/TNNI2/TNNT1/TNNT3/TPM1/TPM2/TRPM4",65,"GO"
"GO:0003012","GO:0003012","muscle system process","74/1575","397/15986",4.85942883620898e-08,4.85942883620898e-08,8.15078789550698e-06,"ACTA2/ACTG2/ACTN2/AIF1/AKAP13/ALDOA/ANXA6/ARG2/ATP2B4/CACNB2/CCDC78/CHGA/CHRM2/CNN1/CTNNA3/DDX39B/DES/DMD/DRD2/EEF2/ENO1/FLNA/GDNF/GPER1/HAMP/HAND2/HMCN2/HRC/HSPB6/IL15/KCND3/KCNE5/KCNH2/KCNIP2/KCNJ5/KCNJ8/KCNQ1/LMOD1/MYBPC1/MYH11/MYL4/MYL6B/MYL9/MYLK/NEDD4L/NMUR2/NOL3/NOS1/NPY2R/OBSL1/OXTR/P2RX1/PABPN1/PDE9A/PPP1R13L/PTGER3/RNF207/SCN4B/SLC6A8/SLC9A1/SMTN/SNTA1/SORBS3/SPHK1/STC1/TACR1/TLN1/TNNC1/TNNI2/TNNT1/TNNT3/TPM1/TPM2/TRPM4",74,"GO"
"GO:0008203","GO:0008203","cholesterol metabolic process","32/1575","121/15986",1.38873064199768e-07,1.38873064199768e-07,2.25169273567413e-05,"ACADVL/ACAT2/APOA1/APOC1/APOE/CYB5R3/CYP51A1/DHCR7/EBP/EPHX2/FDFT1/FDPS/HMGCR/HMGCS1/HSD17B7/IDI1/INSIG1/INSIG2/LCAT/LIPC/LSS/MSMO1/MT3/MVD/MVK/NPC1/NSDHL/OSBPL5/SERPINA12/SOAT2/SQLE/SREBF2",32,"GO"
"GO:1902652","GO:1902652","secondary alcohol metabolic process","32/1575","125/15986",3.11668639982063e-07,3.11668639982063e-07,4.89039315910734e-05,"ACADVL/ACAT2/APOA1/APOC1/APOE/CYB5R3/CYP51A1/DHCR7/EBP/EPHX2/FDFT1/FDPS/HMGCR/HMGCS1/HSD17B7/IDI1/INSIG1/INSIG2/LCAT/LIPC/LSS/MSMO1/MT3/MVD/MVK/NPC1/NSDHL/OSBPL5/SERPINA12/SOAT2/SQLE/SREBF2",32,"GO"
"GO:0030048","GO:0030048","actin filament-based movement","31/1575","120/15986",3.82126172340407e-07,3.82126172340407e-07,5.80856921837178e-05,"ACTN2/CACNB2/CTNNA3/DES/DMD/FLNA/KCND3/KCNE5/KCNH2/KCNJ5/KCNJ8/KCNQ1/MYBPC1/MYL4/MYL6B/MYO7A/MYO9B/NEDD4L/RNF207/SCN4B/SLC9A1/SNTA1/STC1/TNNC1/TNNI2/TNNT1/TNNT3/TPM1/TPM2/TRPM4/WASF2",31,"GO"
"GO:0061615","GO:0061615","glycolytic process through fructose-6-phosphate","13/1575","27/15986",4.18762858574977e-07,4.18762858574977e-07,5.99103148444263e-05,"ALDOA/ALDOC/ENO1/ENO2/GALK1/GCK/GPI/HK2/PFKFB4/PFKL/PFKP/PGAM1/PGK1",13,"GO"
"GO:0061620","GO:0061620","glycolytic process through glucose-6-phosphate","13/1575","27/15986",4.18762858574977e-07,4.18762858574977e-07,5.99103148444263e-05,"ALDOA/ALDOC/ENO1/ENO2/GALK1/GCK/GPI/HK2/PFKFB4/PFKL/PFKP/PGAM1/PGK1",13,"GO"
"GO:0070252","GO:0070252","actin-mediated cell contraction","28/1575","103/15986",4.48106369014916e-07,4.48106369014916e-07,6.22766776306144e-05,"ACTN2/CACNB2/CTNNA3/DES/DMD/FLNA/KCND3/KCNE5/KCNH2/KCNJ5/KCNJ8/KCNQ1/MYBPC1/MYL4/MYL6B/NEDD4L/RNF207/SCN4B/SLC9A1/SNTA1/STC1/TNNC1/TNNI2/TNNT1/TNNT3/TPM1/TPM2/TRPM4",28,"GO"
"GO:0046165","GO:0046165","alcohol biosynthetic process","28/1575","104/15986",5.56240730219973e-07,5.56240730219973e-07,7.51575559750437e-05,"ACAT2/APOA1/APOE/CYB5R3/CYP51A1/DHCR7/EBP/FDFT1/FDPS/GPER1/HMGCR/HMGCS1/HSD17B7/IDI1/INSIG1/INSIG2/ISYNA1/LSS/MSMO1/MVD/MVK/NSDHL/PCK1/PTH1R/SNCA/SPHK1/SPHK2/SQLE",28,"GO"
"GO:0016125","GO:0016125","sterol metabolic process","33/1575","137/15986",9.24840413811747e-07,9.24840413811747e-07,0.00012158428313582,"ACADVL/ACAT2/APOA1/APOC1/APOE/CYB5R3/CYP51A1/DHCR7/EBP/EBPL/EPHX2/FDFT1/FDPS/HMGCR/HMGCS1/HSD17B7/IDI1/INSIG1/INSIG2/LCAT/LIPC/LSS/MSMO1/MT3/MVD/MVK/NPC1/NSDHL/OSBPL5/SERPINA12/SOAT2/SQLE/SREBF2",33,"GO"
"GO:0006735","GO:0006735","NADH regeneration","12/1575","26/15986",2.07762181529086e-06,2.07762181529086e-06,0.000252649747591028,"ALDOA/ALDOC/ENO1/ENO2/GCK/GPI/HK2/PFKFB4/PFKL/PFKP/PGAM1/PGK1",12,"GO"
"GO:0061621","GO:0061621","canonical glycolysis","12/1575","26/15986",2.07762181529086e-06,2.07762181529086e-06,0.000252649747591028,"ALDOA/ALDOC/ENO1/ENO2/GCK/GPI/HK2/PFKFB4/PFKL/PFKP/PGAM1/PGK1",12,"GO"
"GO:0061718","GO:0061718","glucose catabolic process to pyruvate","12/1575","26/15986",2.07762181529086e-06,2.07762181529086e-06,0.000252649747591028,"ALDOA/ALDOC/ENO1/ENO2/GCK/GPI/HK2/PFKFB4/PFKL/PFKP/PGAM1/PGK1",12,"GO"
"GO:0019674","GO:0019674","NAD metabolic process","20/1575","69/15986",6.69649642111681e-06,6.69649642111681e-06,0.000794467521488595,"ALDOA/ALDOC/BST1/ENO1/ENO2/GCK/GPI/HAAO/HK2/LDHA/NADSYN1/NAPRT/NMRK1/PARP10/PFKFB4/PFKL/PFKP/PGAM1/PGK1/QPRT",20,"GO"
"GO:0006007","GO:0006007","glucose catabolic process","12/1575","31/15986",1.9000727919934e-05,1.9000727919934e-05,0.00215324587210726,"ALDOA/ALDOC/ENO1/ENO2/GCK/GPI/HK2/PFKFB4/PFKL/PFKP/PGAM1/PGK1",12,"GO"
"GO:0044057","GO:0044057","regulation of system process","77/1575","487/15986",1.90348612585115e-05,1.90348612585115e-05,0.00215324587210726,"ABCC9/ACE/AGTR1/AIF1/AKAP13/ANXA6/APLN/APOA1/AQP1/ATP2B4/CACNA1F/CACNA2D2/CACNA2D3/CACNB1/CACNB2/CACNG6/CACNG8/CELF2/CHGA/CHRM2/CNN1/CTNNA3/DDX39B/DES/DMD/DRD2/ENO1/FLNA/FXYD3/FXYD6/GNAS/GPER1/GRIN2D/HAMP/HAND2/HCAR2/HRC/HSPB6/INHA/KCND3/KCNE5/KCNH2/KCNIP2/KCNJ5/KCNQ1/KISS1/MYL4/MYL9/NMUR2/NOL3/NOS1/NPPB/NPR2/NPY2R/NR1H3/NRG1/OXTR/P2RX1/PBX3/PDE9A/PER2/PTGER3/RNF207/SCN4B/SCT/SLC9A1/SNTA1/SPHK1/STC1/TACR1/TNNC1/TNNI2/TNNT1/TNNT3/TPM1/TRPM4/TYMP",77,"GO"
"GO:0034446","GO:0034446","substrate adhesion-dependent cell spreading","21/1575","81/15986",2.63477146432882e-05,2.63477146432882e-05,0.00291274615709653,"APOA1/ARPC2/AXL/CALR/CORO1C/EFNA1/FBLN1/FLNA/GBP1/ITGA8/KANK1/LAMA5/MICALL2/MYADM/RAC3/S100A10/SRCIN1/TACSTD2/TEK/TYRO3/UNC13D",21,"GO"
"GO:0030301","GO:0030301","cholesterol transport","20/1575","76/15986",3.22174120287775e-05,3.22174120287775e-05,0.00348249499380072,"ABCA2/APOA1/APOC1/APOC2/APOE/APOM/LCAT/LIPC/LRP1/MSR1/NPC1/NR1H3/OSBPL5/PLTP/SOAT2/SREBF2/STARD4/SYT7/TSPO/WASHC1",20,"GO"
"GO:0003013","GO:0003013","circulatory system process","77/1575","496/15986",3.62445615677333e-05,3.62445615677333e-05,0.00382732829693149,"ABCC9/ACE/ACSM3/ACTA2/ACVRL1/AGTR1/AKAP13/ANPEP/APLN/APOE/ATP2B4/AZU1/CACNA1F/CACNA2D2/CACNA2D3/CACNB1/CACNB2/CACNG6/CACNG8/CELF2/CHGA/CHRM2/CTNNA3/CXCL10/CXCL12/CYB5R3/DES/DLL1/DMD/DRD2/EPHX2/FLNA/FXYD3/FXYD6/GNB3/GPER1/HMGCR/HRC/IMMP2L/KCND3/KCNE5/KCNH2/KCNIP2/KCNJ5/KCNJ8/KCNMB1/KCNQ1/MYL4/NAV2/NEDD4L/NFE2/NOS1/NPPB/NPR2/NPR3/OXTR/P2RX1/PDE2A/PER2/PPP1R13L/PTGS1/PTP4A3/RAMP2/RNF207/SCN4B/SERPINF2/SGCG/SLC9A1/SNTA1/STC1/TACR1/TBC1D8/TEK/TNNC1/TNNI2/TPM1/TRPM4",77,"GO"
"GO:0007015","GO:0007015","actin filament organization","57/1575","338/15986",3.69812180173103e-05,3.69812180173103e-05,0.00382732829693149,"ACTN2/AIF1/ALDOA/ANG/APOA1/ARAP1/ARPC2/ASAP3/BAIAP2L2/CAPG/CAPZB/CARMIL2/CATIP/CDC42EP5/CXCL12/ESPN/EVL/FCHSD1/FHOD1/FLNA/FRY/GDPD2/GMFG/HSP90B1/IQGAP2/KANK1/LMOD1/MARCKS/MICAL1/MICALL2/MYADM/MYBPC1/OBSL1/PHLDB2/RAPGEF3/RFLNA/RFLNA/S100A10/SEMA5A/SERPINF2/SHANK1/SLC9A1/SORBS3/SPIRE2/SYNPO2/TACR1/TACSTD2/TMSB10/TMSB15A/TMSB4X/TPM1/TPM2/WASF2/WASH3P/WASH6P/WASHC1/WNT11",57,"GO"
"GO:0022613","GO:0022613","ribonucleoprotein complex biogenesis","70/1575","441/15986",3.96298496855632e-05,3.96298496855632e-05,0.00401599858326727,"CSNK1D/DDX39B/EIF2A/EXOSC7/FBL/GRB7/ISG20/LUC7L3/NOL3/NOP53/PIH1D1/PTBP2/RPL10/RPL10A/RPL11/RPL12/RPL13/RPL13A/RPL14/RPL15/RPL17/RPL18/RPL18A/RPL19/RPL22/RPL23/RPL23A/RPL24/RPL26/RPL27/RPL27A/RPL29/RPL3/RPL31/RPL32/RPL34/RPL35/RPL35A/RPL36/RPL36A/RPL37/RPL37A/RPL41/RPL5/RPL6/RPL7/RPL7A/RPL8/RPL9/RPLP2/RPS10/RPS11/RPS13/RPS14/RPS15/RPS15A/RPS18/RPS19/RPS2/RPS20/RPS24/RPS25/RPS27A/RPS28/RPS3/RPS3A/RPS6/RPS7/RPS8/SRSF5",70,"GO"
"GO:0006066","GO:0006066","alcohol metabolic process","51/1575","294/15986",4.39395434440055e-05,4.39395434440055e-05,0.00434589883096185,"ACADVL/ACAT2/ACSS2/ALDH2/ALDH3B1/ALDH3B2/APOA1/APOC1/APOE/CYB5R3/CYP51A1/DHCR7/EBP/EPHX2/FDFT1/FDPS/GALK1/GPER1/HMGCR/HMGCS1/HSD17B7/IDI1/INSIG1/INSIG2/IP6K2/ISYNA1/LCAT/LIPC/LSS/MOGAT2/MOGAT3/MSMO1/MT3/MVD/MVK/NPC1/NSDHL/OSBPL5/PCK1/PLCB2/PLCD1/PLCH2/PTH1R/RDH5/SERPINA12/SNCA/SOAT2/SPHK1/SPHK2/SQLE/SREBF2",51,"GO"
"GO:0031589","GO:0031589","cell-substrate adhesion","52/1575","302/15986",4.55292007917358e-05,4.55292007917358e-05,0.00434589883096185,"ABI3BP/ACTN2/ACVRL1/ADAMTS13/AGR2/APOA1/ARPC2/AXL/BCAM/BST1/CALR/COL13A1/COL17A1/CORO1C/EFNA1/EMILIN1/FBLN1/FLNA/FOXF1/FREM1/GBP1/ITGA2B/ITGA5/ITGA8/ITGB4/KANK1/LAMA5/LYPD3/LYPD5/MICALL2/MSLN/MUC4/MYADM/NID1/NPY2R/PHLDB2/PLG/RAC3/S100A10/SLC9A1/SMOC2/SORBS3/SPOCK2/SRCIN1/TACSTD2/TBCD/TEK/THBS3/TRIP6/TYRO3/UNC13D/VEGFA",52,"GO"
"GO:0032970","GO:0032970","regulation of actin filament-based process","55/1575","325/15986",4.55656347890287e-05,4.55656347890287e-05,0.00434589883096185,"ACTN2/AKAP13/APOA1/ARAP1/ARHGEF19/ARPC2/ASAP3/BAIAP2L2/BST1/BST2/CAPG/CAPZB/CARMIL2/CDC42EP5/CNN2/CTNNA3/CTSV/CXCL12/EVL/FCHSD1/FHOD1/FLNA/GMFG/IQGAP2/KANK1/LMOD1/LRP1/MYADM/NTF3/PHLDB2/PHPT1/RAPGEF3/RNF207/S100A10/SEMA5A/SERPINF2/SHANK1/SLC9A1/SORBS3/SPIRE2/STC1/SYNPO2/TACR1/TACSTD2/TEK/TMSB4X/TNNC1/TPM1/TRPM4/VANGL2/WASF2/WASH3P/WASH6P/WASHC1/WNT11",55,"GO"
"GO:0034470","GO:0034470","ncRNA processing","63/1575","388/15986",4.80691281960086e-05,4.80691281960086e-05,0.00442012319969852,"CPSF1/CSNK1D/EXOSC7/FBL/ISG20/PIH1D1/RPL10/RPL10A/RPL11/RPL12/RPL13/RPL13A/RPL14/RPL15/RPL17/RPL18/RPL18A/RPL19/RPL22/RPL23/RPL23A/RPL24/RPL26/RPL27/RPL27A/RPL29/RPL3/RPL31/RPL32/RPL34/RPL35/RPL35A/RPL36/RPL36A/RPL37/RPL37A/RPL41/RPL5/RPL6/RPL7/RPL7A/RPL8/RPL9/RPLP2/RPS10/RPS11/RPS13/RPS14/RPS15/RPS15A/RPS18/RPS19/RPS2/RPS20/RPS24/RPS25/RPS27A/RPS28/RPS3/RPS3A/RPS6/RPS7/RPS8",63,"GO"
"GO:0008015","GO:0008015","blood circulation","76/1575","492/15986",4.81612644676088e-05,4.81612644676088e-05,0.00442012319969852,"ABCC9/ACE/ACSM3/ACTA2/ACVRL1/AGTR1/ANPEP/APLN/APOE/ATP2B4/AZU1/CACNA1F/CACNA2D2/CACNA2D3/CACNB1/CACNB2/CACNG6/CACNG8/CELF2/CHGA/CHRM2/CTNNA3/CXCL10/CXCL12/CYB5R3/DES/DLL1/DMD/DRD2/EPHX2/FLNA/FXYD3/FXYD6/GNB3/GPER1/HMGCR/HRC/IMMP2L/KCND3/KCNE5/KCNH2/KCNIP2/KCNJ5/KCNJ8/KCNMB1/KCNQ1/MYL4/NAV2/NEDD4L/NFE2/NOS1/NPPB/NPR2/NPR3/OXTR/P2RX1/PDE2A/PER2/PPP1R13L/PTGS1/PTP4A3/RAMP2/RNF207/SCN4B/SERPINF2/SGCG/SLC9A1/SNTA1/STC1/TACR1/TBC1D8/TEK/TNNC1/TNNI2/TPM1/TRPM4",76,"GO"
"GO:0006941","GO:0006941","striated muscle contraction","33/1575","164/15986",5.28233838163361e-05,5.28233838163361e-05,0.0047582233258341,"ALDOA/ARG2/CACNB2/CCDC78/CHGA/CTNNA3/DMD/EEF2/FLNA/HRC/KCND3/KCNE5/KCNH2/KCNJ5/KCNJ8/KCNQ1/MYBPC1/MYL4/NEDD4L/NOS1/OBSL1/PPP1R13L/RNF207/SCN4B/SLC9A1/SNTA1/STC1/TNNC1/TNNI2/TNNT1/TNNT3/TPM1/TRPM4",33,"GO"
"GO:0006165","GO:0006165","nucleoside diphosphate phosphorylation","21/1575","85/15986",5.71616844449691e-05,5.71616844449691e-05,0.00505539031234837,"AK4/AK7/ALDOA/ALDOC/CBFA2T3/DDIT4/ENO1/ENO2/GALK1/GCK/GPI/HK2/LDHA/NME4/NME8/PFKFB4/PFKL/PFKP/PGAM1/PGK1/PGM1",21,"GO"
"GO:0034367","GO:0034367","macromolecular complex remodeling","10/1575","25/15986",6.83238798586667e-05,6.83238798586667e-05,0.00573002992426314,"AGTR1/APOA1/APOC1/APOC2/APOE/APOM/LCAT/LIPC/PLA2G2A/PLTP",10,"GO"
"GO:0034368","GO:0034368","protein-lipid complex remodeling","10/1575","25/15986",6.83238798586667e-05,6.83238798586667e-05,0.00573002992426314,"AGTR1/APOA1/APOC1/APOC2/APOE/APOM/LCAT/LIPC/PLA2G2A/PLTP",10,"GO"
"GO:0034369","GO:0034369","plasma lipoprotein particle remodeling","10/1575","25/15986",6.83238798586667e-05,6.83238798586667e-05,0.00573002992426314,"AGTR1/APOA1/APOC1/APOC2/APOE/APOM/LCAT/LIPC/PLA2G2A/PLTP",10,"GO"
"GO:1901617","GO:1901617","organic hydroxy compound biosynthetic process","38/1575","202/15986",7.00499823562904e-05,7.00499823562904e-05,0.00577521799230005,"ACAT2/APOA1/APOE/CYB5R3/CYP51A1/DDT/DHCR7/EBP/FDFT1/FDPS/GPER1/HAND2/HMGCR/HMGCS1/HSD17B7/IDI1/INSIG1/INSIG2/ISYNA1/LSS/MSMO1/MVD/MVK/NSDHL/PCK1/PER2/PLTP/PNMT/PTH1R/SNAI1/SNCA/SPHK1/SPHK2/SQLE/STARD4/TPH2/WNT5A/ZEB2",38,"GO"
"GO:0010959","GO:0010959","regulation of metal ion transport","53/1575","315/15986",7.27298270622979e-05,7.27298270622979e-05,0.00589621983955928,"ACTN2/AHNAK/ANK3/ATP2B4/CACNB1/CACNB2/CCR1/CD4/CRACR2A/CRACR2B/CXCL10/CXCL12/DMD/DPP10/DRD2/F2/FLNA/FXYD3/FXYD6/GCG/GCK/GPER1/HAMP/HRC/JPH2/JPH3/JPH4/KCNE5/KCNH2/KCNIP2/KCNMB1/KCNQ1/MYLK/NEDD4L/NOS1/OSR1/P2RX1/PACSIN3/PML/PRSS8/RCVRN/RNF207/SCN4B/SLC9A1/SNCA/SNTA1/SPINK1/STC1/STC2/STOM/TRPV2/TRPV3/TSPO",53,"GO"
"GO:0019320","GO:0019320","hexose catabolic process","15/1575","51/15986",7.75814591936132e-05,7.75814591936132e-05,0.00618643525338544,"ALDOA/ALDOC/ENO1/ENO2/GALE/GALK1/GCK/GPI/HK2/PFKFB4/PFKL/PFKP/PGAM1/PGK1/PGM1",15,"GO"
"GO:0086013","GO:0086013","membrane repolarization during cardiac muscle cell action potential","9/1575","21/15986",8.3665444948404e-05,8.3665444948404e-05,0.00656397319366002,"FLNA/KCND3/KCNE5/KCNH2/KCNIP2/KCNJ5/KCNJ8/KCNQ1/RNF207",9,"GO"
"GO:0006734","GO:0006734","NADH metabolic process","12/1575","36/15986",0.000105656357732492,0.000105656357732492,0.00804660662603003,"ALDOA/ALDOC/ENO1/ENO2/GCK/GPI/HK2/PFKFB4/PFKL/PFKP/PGAM1/PGK1",12,"GO"
"GO:0086003","GO:0086003","cardiac muscle cell contraction","16/1575","58/15986",0.000105871820571873,0.000105871820571873,0.00804660662603003,"CACNB2/CTNNA3/FLNA/KCND3/KCNE5/KCNH2/KCNJ5/KCNJ8/KCNQ1/NEDD4L/RNF207/SCN4B/SLC9A1/SNTA1/STC1/TRPM4",16,"GO"
"GO:0086005","GO:0086005","ventricular cardiac muscle cell action potential","11/1575","31/15986",0.000107611905817848,0.000107611905817848,0.0080530302313243,"CTNNA3/KCND3/KCNE5/KCNH2/KCNJ5/KCNJ8/KCNQ1/NEDD4L/RNF207/SNTA1/TRPM4",11,"GO"
"GO:0015850","GO:0015850","organic hydroxy compound transport","38/1575","207/15986",0.000119818160843151,0.000119818160843151,0.00883061756389472,"ABCA2/AGTR1/APOA1/APOC1/APOC2/APOE/APOM/AQP1/AQP10/CHGA/CXCL12/DRD2/FABP6/FCER1G/GDNF/LCAT/LIPC/LRP1/MSR1/NOS1/NPC1/NPY2R/NR1H3/OSBPL5/OXTR/P2RX1/PLTP/SLC16A3/SLC26A6/SLC51A/SNCA/SNCG/SOAT2/SREBF2/STARD4/SYT7/TSPO/WASHC1",38,"GO"
"GO:0015918","GO:0015918","sterol transport","20/1575","83/15986",0.000123596529077132,0.000123596529077132,0.00897312742915048,"ABCA2/APOA1/APOC1/APOC2/APOE/APOM/LCAT/LIPC/LRP1/MSR1/NPC1/NR1H3/OSBPL5/PLTP/SOAT2/SREBF2/STARD4/SYT7/TSPO/WASHC1",20,"GO"
"GO:0086001","GO:0086001","cardiac muscle cell action potential","17/1575","65/15986",0.00013423020976132,0.00013423020976132,0.00960182351868511,"ANK3/CACNB2/CTNNA3/DMD/FLNA/KCND3/KCNE5/KCNH2/KCNIP2/KCNJ5/KCNJ8/KCNQ1/NEDD4L/RNF207/SCN4B/SNTA1/TRPM4",17,"GO"
"GO:0003015","GO:0003015","heart process","45/1575","261/15986",0.000139447322385361,0.000139447322385361,0.00983045120889021,"ABCC9/ACE/AKAP13/APLN/ATP2B4/CACNA1F/CACNA2D2/CACNA2D3/CACNB1/CACNB2/CACNG6/CACNG8/CELF2/CHGA/CHRM2/CTNNA3/DES/DMD/DRD2/FLNA/FXYD3/FXYD6/HRC/KCND3/KCNE5/KCNH2/KCNIP2/KCNJ5/KCNJ8/KCNQ1/MYL4/NEDD4L/NOS1/NPR2/PPP1R13L/RNF207/SCN4B/SGCG/SLC9A1/SNTA1/STC1/TNNC1/TNNI2/TPM1/TRPM4",45,"GO"
"GO:0086002","GO:0086002","cardiac muscle cell action potential involved in contraction","14/1575","48/15986",0.000147516516400137,0.000147516516400137,0.0102507341696998,"CACNB2/CTNNA3/FLNA/KCND3/KCNE5/KCNH2/KCNJ5/KCNJ8/KCNQ1/NEDD4L/RNF207/SCN4B/SNTA1/TRPM4",14,"GO"
"GO:0032956","GO:0032956","regulation of actin cytoskeleton organization","48/1575","285/15986",0.000152240705625884,0.000152240705625884,0.0103559300861113,"ACTN2/AKAP13/APOA1/ARAP1/ARHGEF19/ARPC2/ASAP3/BAIAP2L2/BST1/BST2/CAPG/CAPZB/CARMIL2/CDC42EP5/CTSV/CXCL12/EVL/FCHSD1/FHOD1/GMFG/IQGAP2/KANK1/LMOD1/LRP1/MYADM/NTF3/PHLDB2/PHPT1/RAPGEF3/S100A10/SEMA5A/SERPINF2/SHANK1/SLC9A1/SORBS3/SPIRE2/SYNPO2/TACR1/TACSTD2/TEK/TMSB4X/TPM1/VANGL2/WASF2/WASH3P/WASH6P/WASHC1/WNT11",48,"GO"
"GO:0090257","GO:0090257","regulation of muscle system process","37/1575","202/15986",0.000153288383010173,0.000153288383010173,0.0103559300861113,"AIF1/AKAP13/ANXA6/ATP2B4/CHGA/CHRM2/CNN1/CTNNA3/DDX39B/DMD/ENO1/FLNA/GPER1/HAMP/HAND2/HRC/HSPB6/KCNQ1/MYL9/NMUR2/NOL3/NOS1/NPY2R/OXTR/P2RX1/PDE9A/RNF207/SLC9A1/SPHK1/STC1/TACR1/TNNC1/TNNI2/TNNT1/TNNT3/TPM1/TRPM4",37,"GO"
"GO:0046939","GO:0046939","nucleotide phosphorylation","21/1575","91/15986",0.00016339466925137,0.00016339466925137,0.0104628022399579,"AK4/AK7/ALDOA/ALDOC/CBFA2T3/DDIT4/ENO1/ENO2/GALK1/GCK/GPI/HK2/LDHA/NME4/NME8/PFKFB4/PFKL/PFKP/PGAM1/PGK1/PGM1",21,"GO"
"GO:0034433","GO:0034433","steroid esterification","7/1575","14/15986",0.000163474209418949,0.000163474209418949,0.0104628022399579,"AGTR1/APOA1/APOC1/APOE/LCAT/SOAT2/STARD4",7,"GO"
"GO:0034434","GO:0034434","sterol esterification","7/1575","14/15986",0.000163474209418949,0.000163474209418949,0.0104628022399579,"AGTR1/APOA1/APOC1/APOE/LCAT/SOAT2/STARD4",7,"GO"
"GO:0034435","GO:0034435","cholesterol esterification","7/1575","14/15986",0.000163474209418949,0.000163474209418949,0.0104628022399579,"AGTR1/APOA1/APOC1/APOE/LCAT/SOAT2/STARD4",7,"GO"
"GO:1901615","GO:1901615","organic hydroxy compound metabolic process","70/1575","463/15986",0.000183054225178466,0.000183054225178466,0.0115344504526978,"ACADVL/ACAT2/ACSS2/ALDH2/ALDH3B1/ALDH3B2/APOA1/APOC1/APOE/CYB5R3/CYP51A1/DDT/DHCR7/DRD2/DUOXA2/EBP/EBPL/EPHX2/FABP6/FDFT1/FDPS/GALK1/GCNT4/GPER1/HAND2/HMGCR/HMGCS1/HPN/HSD17B7/IDI1/INSIG1/INSIG2/IP6K2/ISYNA1/LCAT/LDHA/LIPC/LSS/MAOA/MOGAT2/MOGAT3/MSMO1/MT3/MVD/MVK/NPC1/NSDHL/OSBPL5/PCK1/PER2/PLCB2/PLCD1/PLCH2/PLTP/PNMT/PTH1R/RDH5/SERPINA12/SNAI1/SNCA/SOAT2/SPHK1/SPHK2/SQLE/SREBF2/STARD4/SULT1A4/TPH2/WNT5A/ZEB2",70,"GO"
"GO:0006937","GO:0006937","regulation of muscle contraction","29/1575","146/15986",0.000185089033448459,0.000185089033448459,0.0115344504526978,"ANXA6/CHGA/CHRM2/CNN1/CTNNA3/DMD/ENO1/FLNA/GPER1/HRC/HSPB6/KCNQ1/MYL9/NMUR2/NOS1/NPY2R/OXTR/P2RX1/RNF207/SLC9A1/SPHK1/STC1/TACR1/TNNC1/TNNI2/TNNT1/TNNT3/TPM1/TRPM4",29,"GO"
"GO:0030049","GO:0030049","muscle filament sliding","12/1575","38/15986",0.000189703145294316,0.000189703145294316,0.0115344504526978,"ACTN2/DES/DMD/MYBPC1/MYL4/MYL6B/TNNC1/TNNI2/TNNT1/TNNT3/TPM1/TPM2",12,"GO"
"GO:0033275","GO:0033275","actin-myosin filament sliding","12/1575","38/15986",0.000189703145294316,0.000189703145294316,0.0115344504526978,"ACTN2/DES/DMD/MYBPC1/MYL4/MYL6B/TNNC1/TNNI2/TNNT1/TNNT3/TPM1/TPM2",12,"GO"
"GO:0099625","GO:0099625","ventricular cardiac muscle cell membrane repolarization","9/1575","23/15986",0.000193851073466164,0.000193851073466164,0.011641141136935,"KCND3/KCNE5/KCNH2/KCNJ5/KCNJ8/KCNQ1/RNF207/SCN4B/SNTA1",9,"GO"
"GO:0001707","GO:0001707","mesoderm formation","17/1575","67/15986",0.000200361470132769,0.000200361470132769,0.0117421731576858,"BMP4/CHRD/EYA1/FGFR2/FOXF1/GPI/HAND1/HMGA2/ITGA8/ITGB4/KDM6A/NOG/SNAI1/TBX6/WNT11/WNT3/WNT5A",17,"GO"
"GO:0006096","GO:0006096","glycolytic process","17/1575","67/15986",0.000200361470132769,0.000200361470132769,0.0117421731576858,"ALDOA/ALDOC/CBFA2T3/DDIT4/ENO1/ENO2/GALK1/GCK/GPI/HK2/LDHA/PFKFB4/PFKL/PFKP/PGAM1/PGK1/PGM1",17,"GO"
"GO:0099622","GO:0099622","cardiac muscle cell membrane repolarization","11/1575","33/15986",0.000204402954309191,0.000204402954309191,0.0117921528544919,"FLNA/KCND3/KCNE5/KCNH2/KCNIP2/KCNJ5/KCNJ8/KCNQ1/RNF207/SCN4B/SNTA1",11,"GO"
"GO:0010038","GO:0010038","response to metal ion","51/1575","312/15986",0.000206062831205414,0.000206062831205414,0.0117921528544919,"ACTG1/ADAMTS13/ANK3/ANXA11/APBB1/AQP1/BGLAP/BNIP3/BSG/CALR/CPNE1/CRIP1/DPEP1/DRD2/FOS/FSTL3/GIPR/GNRH1/GPI/HAAO/HAMP/HNRNPD/HSPA5/HVCN1/IGFBP2/JUND/KCNH1/KCNIP2/KCNMB1/MAP1LC3A/MAPK3/MT3/NDRG1/NEDD4L/NFATC4/NPC1/PTGES/RASA4/RASGRP2/SEC31A/SLC11A2/SLC25A23/SNCA/TERT/TESMIN/TFF1/TFR2/TNNC1/TPH2/TSPO/WNT5A",51,"GO"
"GO:0060047","GO:0060047","heart contraction","44/1575","258/15986",0.000211561519771592,0.000211561519771592,0.011966043853911,"ABCC9/ACE/APLN/ATP2B4/CACNA1F/CACNA2D2/CACNA2D3/CACNB1/CACNB2/CACNG6/CACNG8/CELF2/CHGA/CHRM2/CTNNA3/DES/DMD/DRD2/FLNA/FXYD3/FXYD6/HRC/KCND3/KCNE5/KCNH2/KCNIP2/KCNJ5/KCNJ8/KCNQ1/MYL4/NEDD4L/NOS1/NPR2/PPP1R13L/RNF207/SCN4B/SGCG/SLC9A1/SNTA1/STC1/TNNC1/TNNI2/TPM1/TRPM4",44,"GO"
"GO:0006757","GO:0006757","ATP generation from ADP","17/1575","68/15986",0.000242962450982099,0.000242962450982099,0.0135841438111104,"ALDOA/ALDOC/CBFA2T3/DDIT4/ENO1/ENO2/GALK1/GCK/GPI/HK2/LDHA/PFKFB4/PFKL/PFKP/PGAM1/PGK1/PGM1",17,"GO"
"GO:0034375","GO:0034375","high-density lipoprotein particle remodeling","7/1575","15/15986",0.000280474228525843,0.000280474228525843,0.0153055837929001,"APOA1/APOC1/APOE/APOM/LCAT/LIPC/PLTP",7,"GO"
"GO:1900024","GO:1900024","regulation of substrate adhesion-dependent cell spreading","13/1575","45/15986",0.00028065908730024,0.00028065908730024,0.0153055837929001,"APOA1/ARPC2/CALR/CORO1C/FBLN1/FLNA/GBP1/KANK1/MYADM/RAC3/S100A10/TACSTD2/UNC13D",13,"GO"
"GO:0086011","GO:0086011","membrane repolarization during action potential","9/1575","24/15986",0.000283191390238684,0.000283191390238684,0.0153055837929001,"FLNA/KCND3/KCNE5/KCNH2/KCNIP2/KCNJ5/KCNJ8/KCNQ1/RNF207",9,"GO"
"GO:0048332","GO:0048332","mesoderm morphogenesis","17/1575","69/15986",0.000293218819896527,0.000293218819896527,0.015673385387413,"BMP4/CHRD/EYA1/FGFR2/FOXF1/GPI/HAND1/HMGA2/ITGA8/ITGB4/KDM6A/NOG/SNAI1/TBX6/WNT11/WNT3/WNT5A",17,"GO"
"GO:0007586","GO:0007586","digestion","31/1575","165/15986",0.000320549138694839,0.000320549138694839,0.0169480271156619,"ACE/AMY2B/APOA1/AQP1/CAPN8/CAPN9/GKN1/GUCA2A/HAMP/KCNN4/KCNQ1/LCT/LIPC/MOGAT2/MUC4/MUC6/NPR3/NR1H3/OXTR/PTGER3/PYY/SCT/SLC15A1/SLC26A6/SLC5A1/SOAT2/TACR1/TFF1/TFF2/TFF3/TYMP",31,"GO"
"GO:0060048","GO:0060048","cardiac muscle contraction","25/1575","123/15986",0.000347040235806588,0.000347040235806588,0.0180103720123762,"CACNB2/CHGA/CTNNA3/DMD/FLNA/HRC/KCND3/KCNE5/KCNH2/KCNJ5/KCNJ8/KCNQ1/MYL4/NEDD4L/NOS1/PPP1R13L/RNF207/SCN4B/SLC9A1/SNTA1/STC1/TNNC1/TNNI2/TPM1/TRPM4",25,"GO"
"GO:0061572","GO:0061572","actin filament bundle organization","26/1575","130/15986",0.000348047223697294,0.000348047223697294,0.0180103720123762,"AIF1/APOA1/ARAP1/ASAP3/BAIAP2L2/ESPN/EVL/FHOD1/HSP90B1/MARCKS/PHLDB2/RAPGEF3/RFLNA/RFLNA/S100A10/SERPINF2/SHANK1/SLC9A1/SORBS3/SPIRE2/SYNPO2/TACR1/TACSTD2/TPM1/WASF2/WNT11",26,"GO"
"GO:0071827","GO:0071827","plasma lipoprotein particle organization","11/1575","35/15986",0.000366307463056938,0.000366307463056938,0.0187557538702062,"AGTR1/APOA1/APOC1/APOC2/APOE/APOM/LCAT/LIPC/PLA2G2A/PLTP/SOAT2",11,"GO"
"GO:0048645","GO:0048645","animal organ formation","15/1575","58/15986",0.000374005289585383,0.000374005289585383,0.0187663826143803,"BMP4/EYA1/FGFR2/FOLR1/FOXH1/GDNF/HAND2/MAPK3/NKX3-2/NOG/NTF4/PIM1/RBPJ/WNT2/WNT5A",15,"GO"
"GO:0006090","GO:0006090","pyruvate metabolic process","22/1575","103/15986",0.000374231152978824,0.000374231152978824,0.0187663826143803,"ALDOA/ALDOC/BSG/CBFA2T3/DDIT4/ENO1/ENO2/GALK1/GCK/GPI/HK2/LDHA/PC/PCK1/PDK1/PFKFB4/PFKL/PFKP/PGAM1/PGK1/PGM1/SLC16A3",22,"GO"
"GO:0086009","GO:0086009","membrane repolarization","12/1575","41/15986",0.000418762579941444,0.000418762579941444,0.020785197442636,"FLNA/KCND3/KCNE5/KCNH2/KCNIP2/KCNJ5/KCNJ8/KCNQ1/NEDD4L/RNF207/SCN4B/SNTA1",12,"GO"
"GO:0009132","GO:0009132","nucleoside diphosphate metabolic process","23/1575","111/15986",0.000441429690762785,0.000441429690762785,0.0216091672241599,"AK4/AK7/ALDOA/ALDOC/CBFA2T3/DDIT4/ENO1/ENO2/ENTPD2/ENTPD8/GALK1/GCK/GPI/HK2/LDHA/NME4/NME8/PFKFB4/PFKL/PFKP/PGAM1/PGK1/PGM1",23,"GO"
"GO:0007498","GO:0007498","mesoderm development","24/1575","118/15986",0.000446867673505615,0.000446867673505615,0.0216091672241599,"ACVR2B/APELA/BMP4/BMX/CHRD/EYA1/FGFR2/FOXF1/FOXH1/GPI/HAND1/HMGA2/ITGA8/ITGB4/KDM6A/NOG/OSR1/SNAI1/TBX6/VEGFA/WNT11/WNT3/WNT5A/ZFP36L1",24,"GO"
"GO:0010463","GO:0010463","mesenchymal cell proliferation","13/1575","47/15986",0.000448690671966704,0.000448690671966704,0.0216091672241599,"BMP4/CHRD/FGF7/FGF9/FGFR2/FOXF1/HAND2/MYCN/OSR1/VEGFA/WNT11/WNT2/WNT5A",13,"GO"
"GO:0098915","GO:0098915","membrane repolarization during ventricular cardiac muscle cell action potential","6/1575","12/15986",0.000495728417184033,0.000495728417184033,0.0236404645594161,"KCND3/KCNH2/KCNJ5/KCNJ8/KCNQ1/RNF207",6,"GO"
"GO:0042273","GO:0042273","ribosomal large subunit biogenesis","15/1575","60/15986",0.000553982332381613,0.000553982332381613,0.0257816991375275,"NOP53/RPL10/RPL10A/RPL11/RPL12/RPL14/RPL23A/RPL24/RPL26/RPL35/RPL35A/RPL5/RPL6/RPL7/RPL7A",15,"GO"
"GO:0002181","GO:0002181","cytoplasmic translation","13/1575","48/15986",0.000560555358319996,0.000560555358319996,0.0257816991375275,"EEF2/RPL13A/RPL15/RPL22/RPL29/RPL36/RPL36A/RPL6/RPL7/RPL8/RPL9/RPLP2/ZNF385A",13,"GO"
"GO:0042255","GO:0042255","ribosome assembly","14/1575","54/15986",0.000565270977132177,0.000565270977132177,0.0257816991375275,"EIF2A/NOP53/RPL10/RPL11/RPL12/RPL23A/RPL24/RPL5/RPL6/RPS10/RPS14/RPS15/RPS19/RPS28",14,"GO"
"GO:0019362","GO:0019362","pyridine nucleotide metabolic process","26/1575","134/15986",0.00056713043006485,0.00056713043006485,0.0257816991375275,"ALDOA/ALDOC/BST1/CBFA2T3/DDIT4/ENO1/ENO2/GALK1/GCK/GPI/HAAO/HK2/IDH2/LDHA/NADSYN1/NAPRT/NMRK1/PARP10/PFKFB4/PFKL/PFKP/PGAM1/PGK1/PGLS/PGM1/QPRT",26,"GO"
"GO:0046496","GO:0046496","nicotinamide nucleotide metabolic process","26/1575","134/15986",0.00056713043006485,0.00056713043006485,0.0257816991375275,"ALDOA/ALDOC/BST1/CBFA2T3/DDIT4/ENO1/ENO2/GALK1/GCK/GPI/HAAO/HK2/IDH2/LDHA/NADSYN1/NAPRT/NMRK1/PARP10/PFKFB4/PFKL/PFKP/PGAM1/PGK1/PGLS/PGM1/QPRT",26,"GO"
"GO:0046031","GO:0046031","ADP metabolic process","17/1575","73/15986",0.000594871857596681,0.000594871857596681,0.0267924254771371,"ALDOA/ALDOC/CBFA2T3/DDIT4/ENO1/ENO2/GALK1/GCK/GPI/HK2/LDHA/PFKFB4/PFKL/PFKP/PGAM1/PGK1/PGM1",17,"GO"
"GO:0046365","GO:0046365","monosaccharide catabolic process","15/1575","61/15986",0.000668723393215267,0.000668723393215267,0.0298423061327644,"ALDOA/ALDOC/ENO1/ENO2/GALE/GALK1/GCK/GPI/HK2/PFKFB4/PFKL/PFKP/PGAM1/PGK1/PGM1",15,"GO"
"GO:0045861","GO:0045861","negative regulation of proteolysis","48/1575","304/15986",0.000692245109033235,0.000692245109033235,0.0306111449650008,"A2M/AMBP/AQP1/BAG6/BIRC7/BST2/CARD16/COL7A1/CPAMD8/CST8/DPEP1/F2/GPI/HDAC6/IFI6/IGBP1/IL1R2/ITIH3/MICAL1/MT3/NAIP/NLRC4/NOL3/PAPLN/PIH1D1/PLAT/PML/PRKCG/PTTG1/RPL11/RPL23/RPL5/RPS7/SERPINA12/SERPINB1/SERPINB6/SERPINB9/SERPINF2/SERPINH1/SFN/SNCA/SPINK1/SPINK5/SPOCK2/SSPO/TFPI/VEGFA/WFDC1",48,"GO"
"GO:0032231","GO:0032231","regulation of actin filament bundle assembly","18/1575","81/15986",0.000755552740346045,0.000755552740346045,0.0331096179529547,"APOA1/ARAP1/ASAP3/EVL/FHOD1/PHLDB2/RAPGEF3/S100A10/SERPINF2/SHANK1/SLC9A1/SORBS3/SYNPO2/TACR1/TACSTD2/TPM1/WASF2/WNT11",18,"GO"
"GO:0030198","GO:0030198","extracellular matrix organization","49/1575","314/15986",0.000799122152380597,0.000799122152380597,0.0342594792222424,"A2M/ABI3BP/ADAMTS20/ADAMTSL4/BSG/CAPNS1/CARMIL2/COL13A1/COL27A1/COL4A5/COL4A6/COL7A1/COL9A1/CREB3L1/CTSV/ERO1A/FBLN1/FLOT1/FOXF1/FOXF2/HAS3/HPN/HPSE2/ICAM4/ITGA2B/ITGA5/ITGA8/ITGB4/LAMA1/LAMA5/LAMB2/LAMC3/LOXL3/LRP1/MMP19/MYH11/NID1/OLFML2A/P4HA1/PHLDB2/PLG/RAMP2/SERPINF2/SERPINH1/SMOC2/SPINK5/SPOCK2/TLL1/WASHC1",49,"GO"
"GO:0071825","GO:0071825","protein-lipid complex subunit organization","11/1575","38/15986",0.000801244806088987,0.000801244806088987,0.0342594792222424,"AGTR1/APOA1/APOC1/APOC2/APOE/APOM/LCAT/LIPC/PLA2G2A/PLTP/SOAT2",11,"GO"
"GO:0061337","GO:0061337","cardiac conduction","26/1575","137/15986",0.000802921791769931,0.000802921791769931,0.0342594792222424,"ABCC9/ATP2B4/CACNA1F/CACNA2D2/CACNA2D3/CACNB1/CACNB2/CACNG6/CACNG8/CTNNA3/FLNA/FXYD3/FXYD6/HRC/KCND3/KCNE5/KCNH2/KCNIP2/KCNJ5/KCNQ1/NOS1/NPR2/RNF207/SCN4B/SLC9A1/TRPM4",26,"GO"
"GO:0010771","GO:0010771","negative regulation of cell morphogenesis involved in differentiation","17/1575","75/15986",0.000826541912785531,0.000826541912785531,0.0349606423705441,"ARHGAP4/CORO1C/DAB1/EFNA1/FBLN1/GBP1/KANK1/LINGO1/LRP4/MT3/NFATC4/PTPRS/RTN4R/SEMA5A/TACSTD2/WNT3/WNT5A",17,"GO"
"GO:0045071","GO:0045071","negative regulation of viral genome replication","13/1575","50/15986",0.000855796403599107,0.000855796403599107,0.0356754112393719,"APOBEC3C/APOBEC3D/BST2/C19orf66/HMGA2/IFIT1/IFITM1/IFITM2/IFITM3/ISG20/MX1/PARP10/TNIP1",13,"GO"
"GO:0043062","GO:0043062","extracellular structure organization","49/1575","315/15986",0.000858109058484351,0.000858109058484351,0.0356754112393719,"A2M/ABI3BP/ADAMTS20/ADAMTSL4/BSG/CAPNS1/CARMIL2/COL13A1/COL27A1/COL4A5/COL4A6/COL7A1/COL9A1/CREB3L1/CTSV/ERO1A/FBLN1/FLOT1/FOXF1/FOXF2/HAS3/HPN/HPSE2/ICAM4/ITGA2B/ITGA5/ITGA8/ITGB4/LAMA1/LAMA5/LAMB2/LAMC3/LOXL3/LRP1/MMP19/MYH11/NID1/OLFML2A/P4HA1/PHLDB2/PLG/RAMP2/SERPINF2/SERPINH1/SMOC2/SPINK5/SPOCK2/TLL1/WASHC1",49,"GO"
"GO:0001558","GO:0001558","regulation of cell growth","56/1575","374/15986",0.000978843346236175,0.000978843346236175,0.0402480533011945,"ACVRL1/AGTR1/APBB1/APOE/ARHGAP4/BCL11A/BST2/CDA/CPNE5/CXCL12/DDX39B/DPYSL2/ENO1/F2/FRZB/GNG4/HAMP/HPN/HTRA3/HYAL1/IGFBP2/IGFBP3/IP6K2/KIF26A/KRT17/LGI1/LTBP4/MT3/MUC12/NAIF1/NEDD4L/NPPB/NRG1/PLXNA2/PML/PTPRS/RACK1/RASGRP2/RIMS1/RTN4R/SEMA5A/SFN/SLC9A1/SPHK1/SYT17/TAF9B/TMEM97/TRPV2/TSPYL2/VEGFA/WFDC1/WISP1/WISP3/WNT11/WNT3/WNT5A",56,"GO"
"GO:0016051","GO:0016051","carbohydrate biosynthetic process","33/1575","191/15986",0.000984644541376335,0.000984644541376335,0.0402480533011945,"ALDOA/ALDOC/C1QTNF2/CHST13/CHST15/CHST8/CLK2/ENO1/ENO2/FUT3/GCG/GCK/GPER1/GPI/GYG2/HAS3/IGF2/ISYNA1/MST1/PC/PCK1/PER2/PGAM1/PGK1/PGM1/PPP1R3B/PPP1R3G/PTH1R/RPS27A/SERPINA12/SLC2A1/SNCA/ST6GALNAC1",33,"GO"
"GO:0072524","GO:0072524","pyridine-containing compound metabolic process","26/1575","139/15986",0.0010039083697729,0.0010039083697729,0.0406935138308821,"ALDOA/ALDOC/BST1/CBFA2T3/DDIT4/ENO1/ENO2/GALK1/GCK/GPI/HAAO/HK2/IDH2/LDHA/NADSYN1/NAPRT/NMRK1/PARP10/PFKFB4/PFKL/PFKP/PGAM1/PGK1/PGLS/PGM1/QPRT",26,"GO"
"GO:0048844","GO:0048844","artery morphogenesis","14/1575","57/15986",0.00101228010504178,0.00101228010504178,0.0406937482853248,"ACVRL1/APOE/BMP4/EYA1/FOLR1/FOXF1/FOXH1/HAND2/LRP1/MYLK/NOG/RBPJ/VEGFA/WNT11",14,"GO"
"GO:0051492","GO:0051492","regulation of stress fiber assembly","16/1575","70/15986",0.00105690231773071,0.00105690231773071,0.0419023618112537,"APOA1/ARAP1/ASAP3/EVL/FHOD1/PHLDB2/RAPGEF3/S100A10/SERPINF2/SLC9A1/SORBS3/TACR1/TACSTD2/TPM1/WASF2/WNT11",16,"GO"
"GO:0022600","GO:0022600","digestive system process","19/1575","90/15986",0.00105957389691517,0.00105957389691517,0.0419023618112537,"APOA1/AQP1/HAMP/KCNN4/KCNQ1/MOGAT2/MUC4/MUC6/NPR3/NR1H3/OXTR/PTGER3/SCT/SLC26A6/SLC5A1/SOAT2/TACR1/TFF1/TYMP",19,"GO"
"GO:1902903","GO:1902903","regulation of supramolecular fiber organization","44/1575","278/15986",0.00107634762545277,0.00107634762545277,0.042222431045987,"ACTN2/AKAP13/APOA1/ARAP1/ARPC2/ASAP3/BAIAP2L2/CAPG/CAPZB/CARMIL2/CDC42EP5/CXCL12/EML2/EVL/FCHSD1/FHOD1/GMFG/HDAC6/IQGAP2/KANK1/LMOD1/MYADM/PHLDB2/RAPGEF3/RPS3/S100A10/SEMA5A/SERPINF2/SHANK1/SLC9A1/SNCA/SORBS3/SPIRE2/SYNPO2/TACR1/TACSTD2/TBCD/TMSB4X/TPM1/WASF2/WASH3P/WASH6P/WASHC1/WNT11",44,"GO"
"GO:0000027","GO:0000027","ribosomal large subunit assembly","8/1575","23/15986",0.00110395922703331,0.00110395922703331,0.0429591207420711,"NOP53/RPL10/RPL11/RPL12/RPL23A/RPL24/RPL5/RPL6",8,"GO"
"GO:0032507","GO:0032507","maintenance of protein location in cell","18/1575","84/15986",0.00118400255163554,0.00118400255163554,0.0454781585743903,"ANK3/CD4/FLNA/FLNB/GRIK5/HK2/HSPA5/KDELR1/MXI1/PDIA3/PML/SHANK1/SPAG4/SYNE3/TLN1/TMSB4X/TRIP6/TSPO",18,"GO"
"GO:0051017","GO:0051017","actin filament bundle assembly","24/1575","126/15986",0.00118739230296477,0.00118739230296477,0.0454781585743903,"AIF1/APOA1/ARAP1/ASAP3/BAIAP2L2/ESPN/EVL/FHOD1/HSP90B1/MARCKS/PHLDB2/RAPGEF3/S100A10/SERPINF2/SHANK1/SLC9A1/SORBS3/SPIRE2/SYNPO2/TACR1/TACSTD2/TPM1/WASF2/WNT11",24,"GO"
"GO:0007369","GO:0007369","gastrulation","31/1575","178/15986",0.00120719669499723,0.00120719669499723,0.0455353892655602,"ACVR2B/APELA/APOA1/BMP4/CFC1/CHRD/COL7A1/ELF5/EYA1/FGFR2/FOXF1/GPI/HAND1/HMGA2/ITGA5/ITGA8/ITGB4/KDM6A/MYADM/NOG/OSR1/PHLDB2/RACK1/RPS6/SNAI1/TBX6/TGIF2/VANGL2/WNT11/WNT3/WNT5A",31,"GO"
"GO:0060485","GO:0060485","mesenchyme development","38/1575","232/15986",0.00120760916565557,0.00120760916565557,0.0455353892655602,"ACTA2/ACTG2/ACVRL1/BMP4/CORO1C/CRELD1/DDX17/EFNA1/EFNB1/FGF9/FGFR2/FOLR1/FOXF1/FOXF2/FOXH1/FRZB/GDNF/HAND1/HAND2/HMGA2/HPN/LAMA5/LOXL3/MAPK3/NOG/NRG1/OSR1/PHLDB2/PTK7/RBPJ/SNAI1/TCF21/TGFB1I1/WNT11/WNT2/WNT5A/ZEB2/ZFP36L1",38,"GO"
"GO:0008202","GO:0008202","steroid metabolic process","45/1575","288/15986",0.00124468141105695,0.00124468141105695,0.0459747672473582,"ACADVL/ACAT2/AGTR1/APOA1/APOC1/APOE/CYB5R3/CYP2C9/CYP2D6/CYP3A5/CYP51A1/DHCR7/EBP/EBPL/EPHX2/FABP6/FDFT1/FDPS/HMGCR/HMGCS1/HSD17B14/HSD17B7/HSD17B8/IDI1/INSIG1/INSIG2/LCAT/LIPC/LSS/MSMO1/MT3/MVD/MVK/NPC1/NSDHL/OSBPL5/SERPINA12/SNAI1/SOAT2/SQLE/SREBF2/STARD4/SULT1A4/SULT4A1/TSPO",45,"GO"
"GO:0051235","GO:0051235","maintenance of location","45/1575","288/15986",0.00124468141105695,0.00124468141105695,0.0459747672473582,"ALKBH7/ANK3/APOA1/APOE/CALR/CD4/CXCL10/DMD/DRD2/ERO1A/F2/FLNA/FLNB/FTH1/GPER1/GRIK5/HILPDA/HK2/HRC/HSP90B1/HSPA5/JPH2/JPH3/JPH4/KDELR1/LCK/MSR1/MXI1/NOL3/NOS1/NR1H3/PDIA3/PML/PNPLA2/SHANK1/SLC25A23/SNCA/SPAG4/SREBF2/STARD4/SYNE3/TLN1/TMSB4X/TRIP6/TSPO",45,"GO"
"GO:1903522","GO:1903522","regulation of blood circulation","43/1575","272/15986",0.00124761649271126,0.00124761649271126,0.0459747672473582,"ABCC9/ACE/AGTR1/APLN/ATP2B4/CACNA1F/CACNA2D2/CACNA2D3/CACNB1/CACNB2/CACNG6/CACNG8/CELF2/CHGA/CHRM2/CTNNA3/DES/DMD/DRD2/FLNA/FXYD3/FXYD6/HRC/KCND3/KCNE5/KCNH2/KCNIP2/KCNJ5/KCNQ1/MYL4/NOS1/NPR2/OXTR/P2RX1/PER2/RNF207/SCN4B/SLC9A1/SNTA1/STC1/TACR1/TPM1/TRPM4",43,"GO"
"GO:0006575","GO:0006575","cellular modified amino acid metabolic process","30/1575","171/15986",0.00127338008383378,0.00127338008383378,0.0464916965173877,"ALDH1L1/ASS1/CARNS1/CKB/DPEP1/DUOXA2/EGLN3/ERO1A/ETHE1/FASN/FOLR1/FTCD/GCNT4/GGT1/GGT5/GHR/HPN/LPCAT4/NAT8/OPLAH/OSBPL5/P4HA1/P4HB/PLA2G2A/PLA2G4B/PLOD1/PLOD2/PRODH/SLC27A1/SLC6A8",30,"GO"
"GO:0033344","GO:0033344","cholesterol efflux","11/1575","40/15986",0.00128076021784537,0.00128076021784537,0.0464916965173877,"APOA1/APOC1/APOC2/APOE/APOM/LRP1/NPC1/NR1H3/PLTP/SOAT2/SREBF2",11,"GO"
"GO:0050930","GO:0050930","induction of positive chemotaxis","6/1575","14/15986",0.00135450308461036,0.00135450308461036,0.0488043567562144,"AGER/ARTN/AZU1/CXCL12/NTF3/VEGFA",6,"GO"
"hsa03010","hsa03010","Ribosome","58/702","154/7277",2.61265062512716e-21,7.62893982537132e-19,7.20541540824544e-19,"6134/4736/6135/6136/6137/23521/9045/6138/6139/6141/6142/6143/6146/9349/6147/6152/6154/6155/6157/6159/6122/6160/6161/6164/11224/6165/25873/6173/6167/6168/6123/6171/6125/6128/6129/6130/6132/6133/6181/6204/6205/6207/6208/6209/6210/6222/6223/6187/6224/6229/6230/6233/6234/6188/6189/6194/6201/6202",58,"KEGG"
"hsa00100","hsa00100","Steroid biosynthesis","10/702","20/7277",4.93417087663002e-06,0.000720388947987983,0.000680396194566877,"1595/1717/10682/2222/51478/4047/6307/50814/8435/6713",10,"KEGG"
"hsa05412","hsa05412","Arrhythmogenic right ventricular cardiomyopathy (ARVC)","19/702","72/7277",3.40079414423124e-05,0.00306913538980757,0.00289875080075553,"60/71/88/778/9254/55799/782/783/59285/59283/29119/1674/1756/3674/3678/8516/3691/6445/83439",19,"KEGG"
"hsa00010","hsa00010","Glycolysis / Gluconeogenesis","18/702","67/7277",4.20429505453092e-05,0.00306913538980757,0.00289875080075553,"55902/217/221/222/226/230/2023/2026/2645/2821/3099/3939/5105/5211/5214/5223/5230/5236",18,"KEGG"
"hsa05410","hsa05410","Hypertrophic cardiomyopathy (HCM)","20/702","83/7277",8.69709821218628e-05,0.00468095037742934,0.00442108507168885,"1636/60/71/778/9254/55799/782/783/59285/59283/1674/1756/3674/3678/8516/3691/6445/7134/7168/7169",20,"KEGG"
"hsa05414","hsa05414","Dilated cardiomyopathy (DCM)","21/702","90/7277",9.61839118649864e-05,0.00468095037742934,0.00442108507168885,"60/71/196883/778/9254/55799/782/783/59285/59283/1674/1756/2778/3674/3678/8516/3691/6445/7134/7168/7169",21,"KEGG"
"hsa01230","hsa01230","Biosynthesis of amino acids","18/702","73/7277",0.000141826707304398,0.00591619979041204,0.00558775899454923,"95/226/230/384/435/445/875/102724560/1491/2023/2026/2875/3418/5091/5211/5214/5223/5230",18,"KEGG"
"hsa04270","hsa04270","Vascular smooth muscle contraction","23/702","121/7277",0.00109296346217545,0.0398931663694039,0.03767847724868,"59/72/196883/185/778/163688/2778/3779/5595/10335/4629/140465/10398/4638/4882/5320/50487/100137049/5330/94274/5582/5739/10266",23,"KEGG"
